# PPS 树状展开 dump
# 种子: ['0', '0,1', '0,1,2', '0,1,2,3']  最大深度: 4  展开: 5


## 种子: pps 0
[PPS] 0  std=True  |→ 空

## 种子: pps 0,1
[PPS] 0,1  std=True  |→ 前缀[]+无限0
  [PPS] 0  std=True  |→ 空
  [PPS] 0,0  std=True  |→ 前缀[]+无限0
    [PPS] 0,0,0  std=True  |→ 前缀[]+无限0
      [PPS] 0,0,0,0  std=True  |→ 前缀[]+无限0

## 种子: pps 0,1,2
[PPS] 0,1,2  std=True  |→ 前缀[0]+无限1
  [PPS] 0  std=True  |→ 空
  [PPS] 0,1  std=True  |→ 前缀[]+无限0
    [PPS] 0,0  std=True  |→ 前缀[]+无限0
      [PPS] 0,0,0  std=True  |→ 前缀[]+无限0
        [PPS] 0,0,0,0  std=True  |→ 前缀[]+无限0
  [PPS] 0,1,1  std=True  |→ 0,1,0,3,0,5,0,7,0,9,0,11
    [PPS] 0,1,0,3  std=True  |→ 前缀[0, 1, 0]+无限2
      [PPS] 0,1,0  std=True  |→ 0,1
      [PPS] 0,1,0,2  std=True  |→ 0,1,0,1,0,1,0,1,0,1,0,1,0
        [PPS] 0,1,0,1,0  std=True  |→ 0,1,0,1
        [PPS] 0,1,0,1,0,1,0  std=True  |→ 0,1,0,1,0,1
        [PPS] 0,1,0,1,0,1,0,1,0  std=True  |→ 0,1,0,1,0,1,0,1
        [PPS] 0,1,0,1,0,1,0,1,0,1,0  std=True  |→ 0,1,0,1,0,1,0,1,0,1
        [PPS] 0,1,0,1,0,1,0,1,0,1,0,1,0  std=True  |→ 0,1,0,1,0,1,0,1,0,1,0,1
      [PPS] 0,1,0,2,2  std=True  |→ 0,1,0,2,1,0,5,1,0,8,1,0,11,1,0...
        [PPS] 0,1,0,2,1,0,5  std=True  |→ 0,1,0,2,1,0,4,0,4,0,4,0,4,0,4...
        [PPS] 0,1,0,2,1,0,5,1,0,8  std=True  |→ 0,1,0,2,1,0,5,1,0,7,0,7,0,7,0...
        [PPS] 0,1,0,2,1,0,5,1,0,8,1,0,11  std=True  |→ 0,1,0,2,1,0,5,1,0,8,1,0,10,0,10...
        [PPS] 0,1,0,2,1,0,5,1,0,8,1,0,11,1,0,14  std=True  |→ 0,1,0,2,1,0,5,1,0,8,1,0,11,1,0...
        [PPS] 0,1,0,2,1,0,5,1,0,8,1,0,11,1,0,14,1,0,17  std=True  |→ 0,1,0,2,1,0,5,1,0,8,1,0,11,1,0...
      [PPS] 0,1,0,2,2,2  std=True  |→ 0,1,0,2,2,1,0,6,6,1,0,10,10,1,0...
        [PPS] 0,1,0,2,2,1,0,6,6  std=True  |→ 0,1,0,2,2,1,0,6,5,0,9,5,0,12,5...
        [PPS] 0,1,0,2,2,1,0,6,6,1,0,10,10  std=True  |→ 0,1,0,2,2,1,0,6,6,1,0,10,9,0,13...
        [PPS] 0,1,0,2,2,1,0,6,6,1,0,10,10,1,0,14,14  std=True  |→ 0,1,0,2,2,1,0,6,6,1,0,10,10,1,0...
        [PPS] 0,1,0,2,2,1,0,6,6,1,0,10,10,1,0,14,14,1,0,18,18  std=True  |→ 0,1,0,2,2,1,0,6,6,1,0,10,10,1,0...
        [PPS] 0,1,0,2,2,1,0,6,6,1,0,10,10,1,0,14,14,1,0,18,18,1,0,22,22  std=True  |→ 0,1,0,2,2,1,0,6,6,1,0,10,10,1,0...
      [PPS] 0,1,0,2,2,2,2  std=True  |→ 0,1,0,2,2,2,1,0,7,7,7,1,0,12,12...
        [PPS] 0,1,0,2,2,2,1,0,7,7,7  std=True  |→ 0,1,0,2,2,2,1,0,7,7,6,0,11,11,6...
        [PPS] 0,1,0,2,2,2,1,0,7,7,7,1,0,12,12,12  std=True  |→ 0,1,0,2,2,2,1,0,7,7,7,1,0,12,12...
        [PPS] 0,1,0,2,2,2,1,0,7,7,7,1,0,12,12,12,1,0,17,17,17  std=True  |→ 0,1,0,2,2,2,1,0,7,7,7,1,0,12,12...
        [PPS] 0,1,0,2,2,2,1,0,7,7,7,1,0,12,12,12,1,0,17,17,17,1,0,22,22,22  std=True  |→ 0,1,0,2,2,2,1,0,7,7,7,1,0,12,12...
        [PPS] 0,1,0,2,2,2,1,0,7,7,7,1,0,12,12,12,1,0,17,17,17,1,0,22,22,22,1,0,27,27,27  std=True  |→ 0,1,0,2,2,2,1,0,7,7,7,1,0,12,12...
    [PPS] 0,1,0,3,0,5  std=True  |→ 前缀[0, 1, 0, 3, 0]+无限4
      [PPS] 0,1,0,3,0  std=True  |→ 0,1,0,3
      [PPS] 0,1,0,3,0,4  std=True  |→ 0,1,0,3,0,3,0,3,0,3,0,3,0,3,0
        [PPS] 0,1,0,3,0,3,0  std=True  |→ 0,1,0,3,0,3
        [PPS] 0,1,0,3,0,3,0,3,0  std=True  |→ 0,1,0,3,0,3,0,3
        [PPS] 0,1,0,3,0,3,0,3,0,3,0  std=True  |→ 0,1,0,3,0,3,0,3,0,3
        [PPS] 0,1,0,3,0,3,0,3,0,3,0,3,0  std=True  |→ 0,1,0,3,0,3,0,3,0,3,0,3
        [PPS] 0,1,0,3,0,3,0,3,0,3,0,3,0,3,0  std=True  |→ 0,1,0,3,0,3,0,3,0,3,0,3,0,3
      [PPS] 0,1,0,3,0,4,4  std=True  |→ 0,1,0,3,0,4,3,0,7,3,0,10,3,0,13...
        [PPS] 0,1,0,3,0,4,3,0,7  std=True  |→ 0,1,0,3,0,4,3,0,6,0,6,0,6,0,6...
        [PPS] 0,1,0,3,0,4,3,0,7,3,0,10  std=True  |→ 0,1,0,3,0,4,3,0,7,3,0,9,0,9,0...
        [PPS] 0,1,0,3,0,4,3,0,7,3,0,10,3,0,13  std=True  |→ 0,1,0,3,0,4,3,0,7,3,0,10,3,0,12...
        [PPS] 0,1,0,3,0,4,3,0,7,3,0,10,3,0,13,3,0,16  std=True  |→ 0,1,0,3,0,4,3,0,7,3,0,10,3,0,13...
        [PPS] 0,1,0,3,0,4,3,0,7,3,0,10,3,0,13,3,0,16,3,0,19  std=True  |→ 0,1,0,3,0,4,3,0,7,3,0,10,3,0,13...
      [PPS] 0,1,0,3,0,4,4,4  std=True  |→ 0,1,0,3,0,4,4,3,0,8,8,3,0,12,12...
        [PPS] 0,1,0,3,0,4,4,3,0,8,8  std=True  |→ 0,1,0,3,0,4,4,3,0,8,7,0,11,7,0...
        [PPS] 0,1,0,3,0,4,4,3,0,8,8,3,0,12,12  std=True  |→ 0,1,0,3,0,4,4,3,0,8,8,3,0,12,11...
        [PPS] 0,1,0,3,0,4,4,3,0,8,8,3,0,12,12,3,0,16,16  std=True  |→ 0,1,0,3,0,4,4,3,0,8,8,3,0,12,12...
        [PPS] 0,1,0,3,0,4,4,3,0,8,8,3,0,12,12,3,0,16,16,3,0,20,20  std=True  |→ 0,1,0,3,0,4,4,3,0,8,8,3,0,12,12...
        [PPS] 0,1,0,3,0,4,4,3,0,8,8,3,0,12,12,3,0,16,16,3,0,20,20,3,0,24,24  std=True  |→ 0,1,0,3,0,4,4,3,0,8,8,3,0,12,12...
      [PPS] 0,1,0,3,0,4,4,4,4  std=True  |→ 0,1,0,3,0,4,4,4,3,0,9,9,9,3,0...
        [PPS] 0,1,0,3,0,4,4,4,3,0,9,9,9  std=True  |→ 0,1,0,3,0,4,4,4,3,0,9,9,8,0,13...
        [PPS] 0,1,0,3,0,4,4,4,3,0,9,9,9,3,0,14,14,14  std=True  |→ 0,1,0,3,0,4,4,4,3,0,9,9,9,3,0...
        [PPS] 0,1,0,3,0,4,4,4,3,0,9,9,9,3,0,14,14,14,3,0,19,19,19  std=True  |→ 0,1,0,3,0,4,4,4,3,0,9,9,9,3,0...
        [PPS] 0,1,0,3,0,4,4,4,3,0,9,9,9,3,0,14,14,14,3,0,19,19,19,3,0,24,24,24  std=True  |→ 0,1,0,3,0,4,4,4,3,0,9,9,9,3,0...
        [PPS] 0,1,0,3,0,4,4,4,3,0,9,9,9,3,0,14,14,14,3,0,19,19,19,3,0,24,24,24,3,0,29,29,29  std=True  |→ 0,1,0,3,0,4,4,4,3,0,9,9,9,3,0...
    [PPS] 0,1,0,3,0,5,0,7  std=True  |→ 前缀[0, 1, 0, 3, 0, 5, 0]+无限6
      [PPS] 0,1,0,3,0,5,0  std=True  |→ 0,1,0,3,0,5
      [PPS] 0,1,0,3,0,5,0,6  std=True  |→ 0,1,0,3,0,5,0,5,0,5,0,5,0,5,0...
        [PPS] 0,1,0,3,0,5,0,5,0  std=True  |→ 0,1,0,3,0,5,0,5
        [PPS] 0,1,0,3,0,5,0,5,0,5,0  std=True  |→ 0,1,0,3,0,5,0,5,0,5
        [PPS] 0,1,0,3,0,5,0,5,0,5,0,5,0  std=True  |→ 0,1,0,3,0,5,0,5,0,5,0,5
        [PPS] 0,1,0,3,0,5,0,5,0,5,0,5,0,5,0  std=True  |→ 0,1,0,3,0,5,0,5,0,5,0,5,0,5
        [PPS] 0,1,0,3,0,5,0,5,0,5,0,5,0,5,0,5,0  std=True  |→ 0,1,0,3,0,5,0,5,0,5,0,5,0,5,0...
      [PPS] 0,1,0,3,0,5,0,6,6  std=True  |→ 0,1,0,3,0,5,0,6,5,0,9,5,0,12,5...
        [PPS] 0,1,0,3,0,5,0,6,5,0,9  std=True  |→ 0,1,0,3,0,5,0,6,5,0,8,0,8,0,8...
        [PPS] 0,1,0,3,0,5,0,6,5,0,9,5,0,12  std=True  |→ 0,1,0,3,0,5,0,6,5,0,9,5,0,11,0...
        [PPS] 0,1,0,3,0,5,0,6,5,0,9,5,0,12,5,0,15  std=True  |→ 0,1,0,3,0,5,0,6,5,0,9,5,0,12,5...
        [PPS] 0,1,0,3,0,5,0,6,5,0,9,5,0,12,5,0,15,5,0,18  std=True  |→ 0,1,0,3,0,5,0,6,5,0,9,5,0,12,5...
        [PPS] 0,1,0,3,0,5,0,6,5,0,9,5,0,12,5,0,15,5,0,18,5,0,21  std=True  |→ 0,1,0,3,0,5,0,6,5,0,9,5,0,12,5...
      [PPS] 0,1,0,3,0,5,0,6,6,6  std=True  |→ 0,1,0,3,0,5,0,6,6,5,0,10,10,5,0...
        [PPS] 0,1,0,3,0,5,0,6,6,5,0,10,10  std=True  |→ 0,1,0,3,0,5,0,6,6,5,0,10,9,0,13...
        [PPS] 0,1,0,3,0,5,0,6,6,5,0,10,10,5,0,14,14  std=True  |→ 0,1,0,3,0,5,0,6,6,5,0,10,10,5,0...
        [PPS] 0,1,0,3,0,5,0,6,6,5,0,10,10,5,0,14,14,5,0,18,18  std=True  |→ 0,1,0,3,0,5,0,6,6,5,0,10,10,5,0...
        [PPS] 0,1,0,3,0,5,0,6,6,5,0,10,10,5,0,14,14,5,0,18,18,5,0,22,22  std=True  |→ 0,1,0,3,0,5,0,6,6,5,0,10,10,5,0...
        [PPS] 0,1,0,3,0,5,0,6,6,5,0,10,10,5,0,14,14,5,0,18,18,5,0,22,22,5,0,26,26  std=True  |→ 0,1,0,3,0,5,0,6,6,5,0,10,10,5,0...
      [PPS] 0,1,0,3,0,5,0,6,6,6,6  std=True  |→ 0,1,0,3,0,5,0,6,6,6,5,0,11,11,11...
        [PPS] 0,1,0,3,0,5,0,6,6,6,5,0,11,11,11  std=True  |→ 0,1,0,3,0,5,0,6,6,6,5,0,11,11,10...
        [PPS] 0,1,0,3,0,5,0,6,6,6,5,0,11,11,11,5,0,16,16,16  std=True  |→ 0,1,0,3,0,5,0,6,6,6,5,0,11,11,11...
        [PPS] 0,1,0,3,0,5,0,6,6,6,5,0,11,11,11,5,0,16,16,16,5,0,21,21,21  std=True  |→ 0,1,0,3,0,5,0,6,6,6,5,0,11,11,11...
        [PPS] 0,1,0,3,0,5,0,6,6,6,5,0,11,11,11,5,0,16,16,16,5,0,21,21,21,5,0,26,26,26  std=True  |→ 0,1,0,3,0,5,0,6,6,6,5,0,11,11,11...
        [PPS] 0,1,0,3,0,5,0,6,6,6,5,0,11,11,11,5,0,16,16,16,5,0,21,21,21,5,0,26,26,26,5,0,31,31,31  std=True  |→ 0,1,0,3,0,5,0,6,6,6,5,0,11,11,11...
    [PPS] 0,1,0,3,0,5,0,7,0,9  std=True  |→ 前缀[0, 1, 0, 3, 0, 5, 0, 7, 0]+无限8
      [PPS] 0,1,0,3,0,5,0,7,0  std=True  |→ 0,1,0,3,0,5,0,7
      [PPS] 0,1,0,3,0,5,0,7,0,8  std=True  |→ 0,1,0,3,0,5,0,7,0,7,0,7,0,7,0...
        [PPS] 0,1,0,3,0,5,0,7,0,7,0  std=True  |→ 0,1,0,3,0,5,0,7,0,7
        [PPS] 0,1,0,3,0,5,0,7,0,7,0,7,0  std=True  |→ 0,1,0,3,0,5,0,7,0,7,0,7
        [PPS] 0,1,0,3,0,5,0,7,0,7,0,7,0,7,0  std=True  |→ 0,1,0,3,0,5,0,7,0,7,0,7,0,7
        [PPS] 0,1,0,3,0,5,0,7,0,7,0,7,0,7,0,7,0  std=True  |→ 0,1,0,3,0,5,0,7,0,7,0,7,0,7,0...
        [PPS] 0,1,0,3,0,5,0,7,0,7,0,7,0,7,0,7,0,7,0  std=True  |→ 0,1,0,3,0,5,0,7,0,7,0,7,0,7,0...
      [PPS] 0,1,0,3,0,5,0,7,0,8,8  std=True  |→ 0,1,0,3,0,5,0,7,0,8,7,0,11,7,0...
        [PPS] 0,1,0,3,0,5,0,7,0,8,7,0,11  std=True  |→ 0,1,0,3,0,5,0,7,0,8,7,0,10,0,10...
        [PPS] 0,1,0,3,0,5,0,7,0,8,7,0,11,7,0,14  std=True  |→ 0,1,0,3,0,5,0,7,0,8,7,0,11,7,0...
        [PPS] 0,1,0,3,0,5,0,7,0,8,7,0,11,7,0,14,7,0,17  std=True  |→ 0,1,0,3,0,5,0,7,0,8,7,0,11,7,0...
        [PPS] 0,1,0,3,0,5,0,7,0,8,7,0,11,7,0,14,7,0,17,7,0,20  std=True  |→ 0,1,0,3,0,5,0,7,0,8,7,0,11,7,0...
        [PPS] 0,1,0,3,0,5,0,7,0,8,7,0,11,7,0,14,7,0,17,7,0,20,7,0,23  std=True  |→ 0,1,0,3,0,5,0,7,0,8,7,0,11,7,0...
      [PPS] 0,1,0,3,0,5,0,7,0,8,8,8  std=True  |→ 0,1,0,3,0,5,0,7,0,8,8,7,0,12,12...
        [PPS] 0,1,0,3,0,5,0,7,0,8,8,7,0,12,12  std=True  |→ 0,1,0,3,0,5,0,7,0,8,8,7,0,12,11...
        [PPS] 0,1,0,3,0,5,0,7,0,8,8,7,0,12,12,7,0,16,16  std=True  |→ 0,1,0,3,0,5,0,7,0,8,8,7,0,12,12...
        [PPS] 0,1,0,3,0,5,0,7,0,8,8,7,0,12,12,7,0,16,16,7,0,20,20  std=True  |→ 0,1,0,3,0,5,0,7,0,8,8,7,0,12,12...
        [PPS] 0,1,0,3,0,5,0,7,0,8,8,7,0,12,12,7,0,16,16,7,0,20,20,7,0,24,24  std=True  |→ 0,1,0,3,0,5,0,7,0,8,8,7,0,12,12...
        [PPS] 0,1,0,3,0,5,0,7,0,8,8,7,0,12,12,7,0,16,16,7,0,20,20,7,0,24,24,7,0,28,28  std=True  |→ 0,1,0,3,0,5,0,7,0,8,8,7,0,12,12...
      [PPS] 0,1,0,3,0,5,0,7,0,8,8,8,8  std=True  |→ 0,1,0,3,0,5,0,7,0,8,8,8,7,0,13...
        [PPS] 0,1,0,3,0,5,0,7,0,8,8,8,7,0,13,13,13  std=True  |→ 0,1,0,3,0,5,0,7,0,8,8,8,7,0,13...
        [PPS] 0,1,0,3,0,5,0,7,0,8,8,8,7,0,13,13,13,7,0,18,18,18  std=True  |→ 0,1,0,3,0,5,0,7,0,8,8,8,7,0,13...
        [PPS] 0,1,0,3,0,5,0,7,0,8,8,8,7,0,13,13,13,7,0,18,18,18,7,0,23,23,23  std=True  |→ 0,1,0,3,0,5,0,7,0,8,8,8,7,0,13...
        [PPS] 0,1,0,3,0,5,0,7,0,8,8,8,7,0,13,13,13,7,0,18,18,18,7,0,23,23,23,7,0,28,28,28  std=True  |→ 0,1,0,3,0,5,0,7,0,8,8,8,7,0,13...
        [PPS] 0,1,0,3,0,5,0,7,0,8,8,8,7,0,13,13,13,7,0,18,18,18,7,0,23,23,23,7,0,28,28,28,7,0,33,33,33  std=True  |→ 0,1,0,3,0,5,0,7,0,8,8,8,7,0,13...
    [PPS] 0,1,0,3,0,5,0,7,0,9,0,11  std=True  |→ 前缀[0, 1, 0, 3, 0, 5, 0, 7, 0, 9, 0]+无限10
      [PPS] 0,1,0,3,0,5,0,7,0,9,0  std=True  |→ 0,1,0,3,0,5,0,7,0,9
      [PPS] 0,1,0,3,0,5,0,7,0,9,0,10  std=True  |→ 0,1,0,3,0,5,0,7,0,9,0,9,0,9,0...
        [PPS] 0,1,0,3,0,5,0,7,0,9,0,9,0  std=True  |→ 0,1,0,3,0,5,0,7,0,9,0,9
        [PPS] 0,1,0,3,0,5,0,7,0,9,0,9,0,9,0  std=True  |→ 0,1,0,3,0,5,0,7,0,9,0,9,0,9
        [PPS] 0,1,0,3,0,5,0,7,0,9,0,9,0,9,0,9,0  std=True  |→ 0,1,0,3,0,5,0,7,0,9,0,9,0,9,0...
        [PPS] 0,1,0,3,0,5,0,7,0,9,0,9,0,9,0,9,0,9,0  std=True  |→ 0,1,0,3,0,5,0,7,0,9,0,9,0,9,0...
        [PPS] 0,1,0,3,0,5,0,7,0,9,0,9,0,9,0,9,0,9,0,9,0  std=True  |→ 0,1,0,3,0,5,0,7,0,9,0,9,0,9,0...
      [PPS] 0,1,0,3,0,5,0,7,0,9,0,10,10  std=True  |→ 0,1,0,3,0,5,0,7,0,9,0,10,9,0,13...
        [PPS] 0,1,0,3,0,5,0,7,0,9,0,10,9,0,13  std=True  |→ 0,1,0,3,0,5,0,7,0,9,0,10,9,0,12...
        [PPS] 0,1,0,3,0,5,0,7,0,9,0,10,9,0,13,9,0,16  std=True  |→ 0,1,0,3,0,5,0,7,0,9,0,10,9,0,13...
        [PPS] 0,1,0,3,0,5,0,7,0,9,0,10,9,0,13,9,0,16,9,0,19  std=True  |→ 0,1,0,3,0,5,0,7,0,9,0,10,9,0,13...
        [PPS] 0,1,0,3,0,5,0,7,0,9,0,10,9,0,13,9,0,16,9,0,19,9,0,22  std=True  |→ 0,1,0,3,0,5,0,7,0,9,0,10,9,0,13...
        [PPS] 0,1,0,3,0,5,0,7,0,9,0,10,9,0,13,9,0,16,9,0,19,9,0,22,9,0,25  std=True  |→ 0,1,0,3,0,5,0,7,0,9,0,10,9,0,13...
      [PPS] 0,1,0,3,0,5,0,7,0,9,0,10,10,10  std=True  |→ 0,1,0,3,0,5,0,7,0,9,0,10,10,9,0...
        [PPS] 0,1,0,3,0,5,0,7,0,9,0,10,10,9,0,14,14  std=True  |→ 0,1,0,3,0,5,0,7,0,9,0,10,10,9,0...
        [PPS] 0,1,0,3,0,5,0,7,0,9,0,10,10,9,0,14,14,9,0,18,18  std=True  |→ 0,1,0,3,0,5,0,7,0,9,0,10,10,9,0...
        [PPS] 0,1,0,3,0,5,0,7,0,9,0,10,10,9,0,14,14,9,0,18,18,9,0,22,22  std=True  |→ 0,1,0,3,0,5,0,7,0,9,0,10,10,9,0...
        [PPS] 0,1,0,3,0,5,0,7,0,9,0,10,10,9,0,14,14,9,0,18,18,9,0,22,22,9,0,26,26  std=True  |→ 0,1,0,3,0,5,0,7,0,9,0,10,10,9,0...
        [PPS] 0,1,0,3,0,5,0,7,0,9,0,10,10,9,0,14,14,9,0,18,18,9,0,22,22,9,0,26,26,9,0,30,30  std=True  |→ 0,1,0,3,0,5,0,7,0,9,0,10,10,9,0...
      [PPS] 0,1,0,3,0,5,0,7,0,9,0,10,10,10,10  std=True  |→ 0,1,0,3,0,5,0,7,0,9,0,10,10,10,9...
        [PPS] 0,1,0,3,0,5,0,7,0,9,0,10,10,10,9,0,15,15,15  std=True  |→ 0,1,0,3,0,5,0,7,0,9,0,10,10,10,9...
        [PPS] 0,1,0,3,0,5,0,7,0,9,0,10,10,10,9,0,15,15,15,9,0,20,20,20  std=True  |→ 0,1,0,3,0,5,0,7,0,9,0,10,10,10,9...
        [PPS] 0,1,0,3,0,5,0,7,0,9,0,10,10,10,9,0,15,15,15,9,0,20,20,20,9,0,25,25,25  std=True  |→ 0,1,0,3,0,5,0,7,0,9,0,10,10,10,9...
        [PPS] 0,1,0,3,0,5,0,7,0,9,0,10,10,10,9,0,15,15,15,9,0,20,20,20,9,0,25,25,25,9,0,30,30,30  std=True  |→ 0,1,0,3,0,5,0,7,0,9,0,10,10,10,9...
        [PPS] 0,1,0,3,0,5,0,7,0,9,0,10,10,10,9,0,15,15,15,9,0,20,20,20,9,0,25,25,25,9,0,30,30,30,9,0,35,35,35  std=True  |→ 0,1,0,3,0,5,0,7,0,9,0,10,10,10,9...
  [PPS] 0,1,1,1  std=True  |→ 0,1,1,0,4,4,0,7,7,0,10,10,0,13,13...
    [PPS] 0,1,1,0,4,4  std=True  |→ 0,1,1,0,4,3,6,3,8,3,10,3,12,3,14
      [PPS] 0,1,1,0,4,3,6  std=True  |→ 前缀[0, 1, 1, 0, 4, 3]+无限5
        [PPS] 0,1,1,0,4,3  std=True  |→ 0,1,1,0,4,2,0,7,2,0,10,2,0,13,2...
        [PPS] 0,1,1,0,4,3,5  std=True  |→ 0,1,1,0,4,3,4,3,4,3,4,3,4,3,4...
        [PPS] 0,1,1,0,4,3,5,5  std=True  |→ 0,1,1,0,4,3,5,4,3,8,4,3,11,4,3...
        [PPS] 0,1,1,0,4,3,5,5,5  std=True  |→ 0,1,1,0,4,3,5,5,4,3,9,9,4,3,13...
        [PPS] 0,1,1,0,4,3,5,5,5,5  std=True  |→ 0,1,1,0,4,3,5,5,5,4,3,10,10,10,4...
      [PPS] 0,1,1,0,4,3,6,3,8  std=True  |→ 前缀[0, 1, 1, 0, 4, 3, 6, 3]+无限7
        [PPS] 0,1,1,0,4,3,6,3  std=True  |→ 0,1,1,0,4,3,6,2,0,9,8,11,2,0,14...
        [PPS] 0,1,1,0,4,3,6,3,7  std=True  |→ 0,1,1,0,4,3,6,3,6,3,6,3,6,3,6...
        [PPS] 0,1,1,0,4,3,6,3,7,7  std=True  |→ 0,1,1,0,4,3,6,3,7,6,3,10,6,3,13...
        [PPS] 0,1,1,0,4,3,6,3,7,7,7  std=True  |→ 0,1,1,0,4,3,6,3,7,7,6,3,11,11,6...
        [PPS] 0,1,1,0,4,3,6,3,7,7,7,7  std=True  |→ 0,1,1,0,4,3,6,3,7,7,7,6,3,12,12...
      [PPS] 0,1,1,0,4,3,6,3,8,3,10  std=True  |→ 前缀[0, 1, 1, 0, 4, 3, 6, 3, 8, 3]+无限9
        [PPS] 0,1,1,0,4,3,6,3,8,3  std=True  |→ 0,1,1,0,4,3,6,3,8,2,0,11,10,13,10...
        [PPS] 0,1,1,0,4,3,6,3,8,3,9  std=True  |→ 0,1,1,0,4,3,6,3,8,3,8,3,8,3,8...
        [PPS] 0,1,1,0,4,3,6,3,8,3,9,9  std=True  |→ 0,1,1,0,4,3,6,3,8,3,9,8,3,12,8...
        [PPS] 0,1,1,0,4,3,6,3,8,3,9,9,9  std=True  |→ 0,1,1,0,4,3,6,3,8,3,9,9,8,3,13...
        [PPS] 0,1,1,0,4,3,6,3,8,3,9,9,9,9  std=True  |→ 0,1,1,0,4,3,6,3,8,3,9,9,9,8,3...
      [PPS] 0,1,1,0,4,3,6,3,8,3,10,3,12  std=True  |→ 前缀[0, 1, 1, 0, 4, 3, 6, 3, 8, 3, 10, 3]+无限11
        [PPS] 0,1,1,0,4,3,6,3,8,3,10,3  std=True  |→ 0,1,1,0,4,3,6,3,8,3,10,2,0,13,12...
        [PPS] 0,1,1,0,4,3,6,3,8,3,10,3,11  std=True  |→ 0,1,1,0,4,3,6,3,8,3,10,3,10,3,10...
        [PPS] 0,1,1,0,4,3,6,3,8,3,10,3,11,11  std=True  |→ 0,1,1,0,4,3,6,3,8,3,10,3,11,10,3...
        [PPS] 0,1,1,0,4,3,6,3,8,3,10,3,11,11,11  std=True  |→ 0,1,1,0,4,3,6,3,8,3,10,3,11,11,10...
        [PPS] 0,1,1,0,4,3,6,3,8,3,10,3,11,11,11,11  std=True  |→ 0,1,1,0,4,3,6,3,8,3,10,3,11,11,11...
      [PPS] 0,1,1,0,4,3,6,3,8,3,10,3,12,3,14  std=True  |→ 前缀[0, 1, 1, 0, 4, 3, 6, 3, 8, 3, 10, 3, 12, 3]+无限13
        [PPS] 0,1,1,0,4,3,6,3,8,3,10,3,12,3  std=True  |→ 0,1,1,0,4,3,6,3,8,3,10,3,12,2,0...
        [PPS] 0,1,1,0,4,3,6,3,8,3,10,3,12,3,13  std=True  |→ 0,1,1,0,4,3,6,3,8,3,10,3,12,3,12...
        [PPS] 0,1,1,0,4,3,6,3,8,3,10,3,12,3,13,13  std=True  |→ 0,1,1,0,4,3,6,3,8,3,10,3,12,3,13...
        [PPS] 0,1,1,0,4,3,6,3,8,3,10,3,12,3,13,13,13  std=True  |→ 0,1,1,0,4,3,6,3,8,3,10,3,12,3,13...
        [PPS] 0,1,1,0,4,3,6,3,8,3,10,3,12,3,13,13,13,13  std=True  |→ 0,1,1,0,4,3,6,3,8,3,10,3,12,3,13...
    [PPS] 0,1,1,0,4,4,0,7,7  std=True  |→ 0,1,1,0,4,4,0,7,6,9,6,11,6,13,6...
      [PPS] 0,1,1,0,4,4,0,7,6,9  std=True  |→ 前缀[0, 1, 1, 0, 4, 4, 0, 7, 6]+无限8
        [PPS] 0,1,1,0,4,4,0,7,6  std=True  |→ 0,1,1,0,4,4,0,7,5,0,10,5,0,13,5...
        [PPS] 0,1,1,0,4,4,0,7,6,8  std=True  |→ 0,1,1,0,4,4,0,7,6,7,6,7,6,7,6...
        [PPS] 0,1,1,0,4,4,0,7,6,8,8  std=True  |→ 0,1,1,0,4,4,0,7,6,8,7,6,11,7,6...
        [PPS] 0,1,1,0,4,4,0,7,6,8,8,8  std=True  |→ 0,1,1,0,4,4,0,7,6,8,8,7,6,12,12...
        [PPS] 0,1,1,0,4,4,0,7,6,8,8,8,8  std=True  |→ 0,1,1,0,4,4,0,7,6,8,8,8,7,6,13...
      [PPS] 0,1,1,0,4,4,0,7,6,9,6,11  std=True  |→ 前缀[0, 1, 1, 0, 4, 4, 0, 7, 6, 9, 6]+无限10
        [PPS] 0,1,1,0,4,4,0,7,6,9,6  std=True  |→ 0,1,1,0,4,4,0,7,6,9,5,0,12,11,14...
        [PPS] 0,1,1,0,4,4,0,7,6,9,6,10  std=True  |→ 0,1,1,0,4,4,0,7,6,9,6,9,6,9,6...
        [PPS] 0,1,1,0,4,4,0,7,6,9,6,10,10  std=True  |→ 0,1,1,0,4,4,0,7,6,9,6,10,9,6,13...
        [PPS] 0,1,1,0,4,4,0,7,6,9,6,10,10,10  std=True  |→ 0,1,1,0,4,4,0,7,6,9,6,10,10,9,6...
        [PPS] 0,1,1,0,4,4,0,7,6,9,6,10,10,10,10  std=True  |→ 0,1,1,0,4,4,0,7,6,9,6,10,10,10,9...
      [PPS] 0,1,1,0,4,4,0,7,6,9,6,11,6,13  std=True  |→ 前缀[0, 1, 1, 0, 4, 4, 0, 7, 6, 9, 6, 11, 6]+无限12
        [PPS] 0,1,1,0,4,4,0,7,6,9,6,11,6  std=True  |→ 0,1,1,0,4,4,0,7,6,9,6,11,5,0,14...
        [PPS] 0,1,1,0,4,4,0,7,6,9,6,11,6,12  std=True  |→ 0,1,1,0,4,4,0,7,6,9,6,11,6,11,6...
        [PPS] 0,1,1,0,4,4,0,7,6,9,6,11,6,12,12  std=True  |→ 0,1,1,0,4,4,0,7,6,9,6,11,6,12,11...
        [PPS] 0,1,1,0,4,4,0,7,6,9,6,11,6,12,12,12  std=True  |→ 0,1,1,0,4,4,0,7,6,9,6,11,6,12,12...
        [PPS] 0,1,1,0,4,4,0,7,6,9,6,11,6,12,12,12,12  std=True  |→ 0,1,1,0,4,4,0,7,6,9,6,11,6,12,12...
      [PPS] 0,1,1,0,4,4,0,7,6,9,6,11,6,13,6,15  std=True  |→ 前缀[0, 1, 1, 0, 4, 4, 0, 7, 6, 9, 6, 11, 6, 13, 6]+无限14
        [PPS] 0,1,1,0,4,4,0,7,6,9,6,11,6,13,6  std=True  |→ 0,1,1,0,4,4,0,7,6,9,6,11,6,13,5...
        [PPS] 0,1,1,0,4,4,0,7,6,9,6,11,6,13,6,14  std=True  |→ 0,1,1,0,4,4,0,7,6,9,6,11,6,13,6...
        [PPS] 0,1,1,0,4,4,0,7,6,9,6,11,6,13,6,14,14  std=True  |→ 0,1,1,0,4,4,0,7,6,9,6,11,6,13,6...
        [PPS] 0,1,1,0,4,4,0,7,6,9,6,11,6,13,6,14,14,14  std=True  |→ 0,1,1,0,4,4,0,7,6,9,6,11,6,13,6...
        [PPS] 0,1,1,0,4,4,0,7,6,9,6,11,6,13,6,14,14,14,14  std=True  |→ 0,1,1,0,4,4,0,7,6,9,6,11,6,13,6...
      [PPS] 0,1,1,0,4,4,0,7,6,9,6,11,6,13,6,15,6,17  std=True  |→ 前缀[0, 1, 1, 0, 4, 4, 0, 7, 6, 9, 6, 11, 6, 13, 6, 15, 6]+无限16
        [PPS] 0,1,1,0,4,4,0,7,6,9,6,11,6,13,6,15,6  std=True  |→ 0,1,1,0,4,4,0,7,6,9,6,11,6,13,6...
        [PPS] 0,1,1,0,4,4,0,7,6,9,6,11,6,13,6,15,6,16  std=True  |→ 0,1,1,0,4,4,0,7,6,9,6,11,6,13,6...
        [PPS] 0,1,1,0,4,4,0,7,6,9,6,11,6,13,6,15,6,16,16  std=True  |→ 0,1,1,0,4,4,0,7,6,9,6,11,6,13,6...
        [PPS] 0,1,1,0,4,4,0,7,6,9,6,11,6,13,6,15,6,16,16,16  std=True  |→ 0,1,1,0,4,4,0,7,6,9,6,11,6,13,6...
        [PPS] 0,1,1,0,4,4,0,7,6,9,6,11,6,13,6,15,6,16,16,16,16  std=True  |→ 0,1,1,0,4,4,0,7,6,9,6,11,6,13,6...
    [PPS] 0,1,1,0,4,4,0,7,7,0,10,10  std=True  |→ 0,1,1,0,4,4,0,7,7,0,10,9,12,9,14...
      [PPS] 0,1,1,0,4,4,0,7,7,0,10,9,12  std=True  |→ 前缀[0, 1, 1, 0, 4, 4, 0, 7, 7, 0, 10, 9]+无限11
        [PPS] 0,1,1,0,4,4,0,7,7,0,10,9  std=True  |→ 0,1,1,0,4,4,0,7,7,0,10,8,0,13,8...
        [PPS] 0,1,1,0,4,4,0,7,7,0,10,9,11  std=True  |→ 0,1,1,0,4,4,0,7,7,0,10,9,10,9,10...
        [PPS] 0,1,1,0,4,4,0,7,7,0,10,9,11,11  std=True  |→ 0,1,1,0,4,4,0,7,7,0,10,9,11,10,9...
        [PPS] 0,1,1,0,4,4,0,7,7,0,10,9,11,11,11  std=True  |→ 0,1,1,0,4,4,0,7,7,0,10,9,11,11,10...
        [PPS] 0,1,1,0,4,4,0,7,7,0,10,9,11,11,11,11  std=True  |→ 0,1,1,0,4,4,0,7,7,0,10,9,11,11,11...
      [PPS] 0,1,1,0,4,4,0,7,7,0,10,9,12,9,14  std=True  |→ 前缀[0, 1, 1, 0, 4, 4, 0, 7, 7, 0, 10, 9, 12, 9]+无限13
        [PPS] 0,1,1,0,4,4,0,7,7,0,10,9,12,9  std=True  |→ 0,1,1,0,4,4,0,7,7,0,10,9,12,8,0...
        [PPS] 0,1,1,0,4,4,0,7,7,0,10,9,12,9,13  std=True  |→ 0,1,1,0,4,4,0,7,7,0,10,9,12,9,12...
        [PPS] 0,1,1,0,4,4,0,7,7,0,10,9,12,9,13,13  std=True  |→ 0,1,1,0,4,4,0,7,7,0,10,9,12,9,13...
        [PPS] 0,1,1,0,4,4,0,7,7,0,10,9,12,9,13,13,13  std=True  |→ 0,1,1,0,4,4,0,7,7,0,10,9,12,9,13...
        [PPS] 0,1,1,0,4,4,0,7,7,0,10,9,12,9,13,13,13,13  std=True  |→ 0,1,1,0,4,4,0,7,7,0,10,9,12,9,13...
      [PPS] 0,1,1,0,4,4,0,7,7,0,10,9,12,9,14,9,16  std=True  |→ 前缀[0, 1, 1, 0, 4, 4, 0, 7, 7, 0, 10, 9, 12, 9, 14, 9]+无限15
        [PPS] 0,1,1,0,4,4,0,7,7,0,10,9,12,9,14,9  std=True  |→ 0,1,1,0,4,4,0,7,7,0,10,9,12,9,14...
        [PPS] 0,1,1,0,4,4,0,7,7,0,10,9,12,9,14,9,15  std=True  |→ 0,1,1,0,4,4,0,7,7,0,10,9,12,9,14...
        [PPS] 0,1,1,0,4,4,0,7,7,0,10,9,12,9,14,9,15,15  std=True  |→ 0,1,1,0,4,4,0,7,7,0,10,9,12,9,14...
        [PPS] 0,1,1,0,4,4,0,7,7,0,10,9,12,9,14,9,15,15,15  std=True  |→ 0,1,1,0,4,4,0,7,7,0,10,9,12,9,14...
        [PPS] 0,1,1,0,4,4,0,7,7,0,10,9,12,9,14,9,15,15,15,15  std=True  |→ 0,1,1,0,4,4,0,7,7,0,10,9,12,9,14...
      [PPS] 0,1,1,0,4,4,0,7,7,0,10,9,12,9,14,9,16,9,18  std=True  |→ 前缀[0, 1, 1, 0, 4, 4, 0, 7, 7, 0, 10, 9, 12, 9, 14, 9, 16, 9]+无限17
        [PPS] 0,1,1,0,4,4,0,7,7,0,10,9,12,9,14,9,16,9  std=True  |→ 0,1,1,0,4,4,0,7,7,0,10,9,12,9,14...
        [PPS] 0,1,1,0,4,4,0,7,7,0,10,9,12,9,14,9,16,9,17  std=True  |→ 0,1,1,0,4,4,0,7,7,0,10,9,12,9,14...
        [PPS] 0,1,1,0,4,4,0,7,7,0,10,9,12,9,14,9,16,9,17,17  std=True  |→ 0,1,1,0,4,4,0,7,7,0,10,9,12,9,14...
        [PPS] 0,1,1,0,4,4,0,7,7,0,10,9,12,9,14,9,16,9,17,17,17  std=True  |→ 0,1,1,0,4,4,0,7,7,0,10,9,12,9,14...
        [PPS] 0,1,1,0,4,4,0,7,7,0,10,9,12,9,14,9,16,9,17,17,17,17  std=True  |→ 0,1,1,0,4,4,0,7,7,0,10,9,12,9,14...
      [PPS] 0,1,1,0,4,4,0,7,7,0,10,9,12,9,14,9,16,9,18,9,20  std=True  |→ 前缀[0, 1, 1, 0, 4, 4, 0, 7, 7, 0, 10, 9, 12, 9, 14, 9, 16, 9, 18, 9]+无限19
        [PPS] 0,1,1,0,4,4,0,7,7,0,10,9,12,9,14,9,16,9,18,9  std=True  |→ 0,1,1,0,4,4,0,7,7,0,10,9,12,9,14...
        [PPS] 0,1,1,0,4,4,0,7,7,0,10,9,12,9,14,9,16,9,18,9,19  std=True  |→ 0,1,1,0,4,4,0,7,7,0,10,9,12,9,14...
        [PPS] 0,1,1,0,4,4,0,7,7,0,10,9,12,9,14,9,16,9,18,9,19,19  std=True  |→ 0,1,1,0,4,4,0,7,7,0,10,9,12,9,14...
        [PPS] 0,1,1,0,4,4,0,7,7,0,10,9,12,9,14,9,16,9,18,9,19,19,19  std=True  |→ 0,1,1,0,4,4,0,7,7,0,10,9,12,9,14...
        [PPS] 0,1,1,0,4,4,0,7,7,0,10,9,12,9,14,9,16,9,18,9,19,19,19,19  std=True  |→ 0,1,1,0,4,4,0,7,7,0,10,9,12,9,14...
    [PPS] 0,1,1,0,4,4,0,7,7,0,10,10,0,13,13  std=True  |→ 0,1,1,0,4,4,0,7,7,0,10,10,0,13,12...
      [PPS] 0,1,1,0,4,4,0,7,7,0,10,10,0,13,12,15  std=True  |→ 前缀[0, 1, 1, 0, 4, 4, 0, 7, 7, 0, 10, 10, 0, 13, 12]+无限14
        [PPS] 0,1,1,0,4,4,0,7,7,0,10,10,0,13,12  std=True  |→ 0,1,1,0,4,4,0,7,7,0,10,10,0,13,11...
        [PPS] 0,1,1,0,4,4,0,7,7,0,10,10,0,13,12,14  std=True  |→ 0,1,1,0,4,4,0,7,7,0,10,10,0,13,12...
        [PPS] 0,1,1,0,4,4,0,7,7,0,10,10,0,13,12,14,14  std=True  |→ 0,1,1,0,4,4,0,7,7,0,10,10,0,13,12...
        [PPS] 0,1,1,0,4,4,0,7,7,0,10,10,0,13,12,14,14,14  std=True  |→ 0,1,1,0,4,4,0,7,7,0,10,10,0,13,12...
        [PPS] 0,1,1,0,4,4,0,7,7,0,10,10,0,13,12,14,14,14,14  std=True  |→ 0,1,1,0,4,4,0,7,7,0,10,10,0,13,12...
      [PPS] 0,1,1,0,4,4,0,7,7,0,10,10,0,13,12,15,12,17  std=True  |→ 前缀[0, 1, 1, 0, 4, 4, 0, 7, 7, 0, 10, 10, 0, 13, 12, 15, 12]+无限16
        [PPS] 0,1,1,0,4,4,0,7,7,0,10,10,0,13,12,15,12  std=True  |→ 0,1,1,0,4,4,0,7,7,0,10,10,0,13,12...
        [PPS] 0,1,1,0,4,4,0,7,7,0,10,10,0,13,12,15,12,16  std=True  |→ 0,1,1,0,4,4,0,7,7,0,10,10,0,13,12...
        [PPS] 0,1,1,0,4,4,0,7,7,0,10,10,0,13,12,15,12,16,16  std=True  |→ 0,1,1,0,4,4,0,7,7,0,10,10,0,13,12...
        [PPS] 0,1,1,0,4,4,0,7,7,0,10,10,0,13,12,15,12,16,16,16  std=True  |→ 0,1,1,0,4,4,0,7,7,0,10,10,0,13,12...
        [PPS] 0,1,1,0,4,4,0,7,7,0,10,10,0,13,12,15,12,16,16,16,16  std=True  |→ 0,1,1,0,4,4,0,7,7,0,10,10,0,13,12...
      [PPS] 0,1,1,0,4,4,0,7,7,0,10,10,0,13,12,15,12,17,12,19  std=True  |→ 前缀[0, 1, 1, 0, 4, 4, 0, 7, 7, 0, 10, 10, 0, 13, 12, 15, 12, 17, 12]+无限18
        [PPS] 0,1,1,0,4,4,0,7,7,0,10,10,0,13,12,15,12,17,12  std=True  |→ 0,1,1,0,4,4,0,7,7,0,10,10,0,13,12...
        [PPS] 0,1,1,0,4,4,0,7,7,0,10,10,0,13,12,15,12,17,12,18  std=True  |→ 0,1,1,0,4,4,0,7,7,0,10,10,0,13,12...
        [PPS] 0,1,1,0,4,4,0,7,7,0,10,10,0,13,12,15,12,17,12,18,18  std=True  |→ 0,1,1,0,4,4,0,7,7,0,10,10,0,13,12...
        [PPS] 0,1,1,0,4,4,0,7,7,0,10,10,0,13,12,15,12,17,12,18,18,18  std=True  |→ 0,1,1,0,4,4,0,7,7,0,10,10,0,13,12...
        [PPS] 0,1,1,0,4,4,0,7,7,0,10,10,0,13,12,15,12,17,12,18,18,18,18  std=True  |→ 0,1,1,0,4,4,0,7,7,0,10,10,0,13,12...
      [PPS] 0,1,1,0,4,4,0,7,7,0,10,10,0,13,12,15,12,17,12,19,12,21  std=True  |→ 前缀[0, 1, 1, 0, 4, 4, 0, 7, 7, 0, 10, 10, 0, 13, 12, 15, 12, 17, 12, 19, 12]+无限20
        [PPS] 0,1,1,0,4,4,0,7,7,0,10,10,0,13,12,15,12,17,12,19,12  std=True  |→ 0,1,1,0,4,4,0,7,7,0,10,10,0,13,12...
        [PPS] 0,1,1,0,4,4,0,7,7,0,10,10,0,13,12,15,12,17,12,19,12,20  std=True  |→ 0,1,1,0,4,4,0,7,7,0,10,10,0,13,12...
        [PPS] 0,1,1,0,4,4,0,7,7,0,10,10,0,13,12,15,12,17,12,19,12,20,20  std=True  |→ 0,1,1,0,4,4,0,7,7,0,10,10,0,13,12...
        [PPS] 0,1,1,0,4,4,0,7,7,0,10,10,0,13,12,15,12,17,12,19,12,20,20,20  std=True  |→ 0,1,1,0,4,4,0,7,7,0,10,10,0,13,12...
        [PPS] 0,1,1,0,4,4,0,7,7,0,10,10,0,13,12,15,12,17,12,19,12,20,20,20,20  std=True  |→ 0,1,1,0,4,4,0,7,7,0,10,10,0,13,12...
      [PPS] 0,1,1,0,4,4,0,7,7,0,10,10,0,13,12,15,12,17,12,19,12,21,12,23  std=True  |→ 前缀[0, 1, 1, 0, 4, 4, 0, 7, 7, 0, 10, 10, 0, 13, 12, 15, 12, 17, 12, 19, 12, 21, 12]+无限22
        [PPS] 0,1,1,0,4,4,0,7,7,0,10,10,0,13,12,15,12,17,12,19,12,21,12  std=True  |→ 0,1,1,0,4,4,0,7,7,0,10,10,0,13,12...
        [PPS] 0,1,1,0,4,4,0,7,7,0,10,10,0,13,12,15,12,17,12,19,12,21,12,22  std=True  |→ 0,1,1,0,4,4,0,7,7,0,10,10,0,13,12...
        [PPS] 0,1,1,0,4,4,0,7,7,0,10,10,0,13,12,15,12,17,12,19,12,21,12,22,22  std=True  |→ 0,1,1,0,4,4,0,7,7,0,10,10,0,13,12...
        [PPS] 0,1,1,0,4,4,0,7,7,0,10,10,0,13,12,15,12,17,12,19,12,21,12,22,22,22  std=True  |→ 0,1,1,0,4,4,0,7,7,0,10,10,0,13,12...
        [PPS] 0,1,1,0,4,4,0,7,7,0,10,10,0,13,12,15,12,17,12,19,12,21,12,22,22,22,22  std=True  |→ 0,1,1,0,4,4,0,7,7,0,10,10,0,13,12...
    [PPS] 0,1,1,0,4,4,0,7,7,0,10,10,0,13,13,0,16,16  std=True  |→ 0,1,1,0,4,4,0,7,7,0,10,10,0,13,13...
      [PPS] 0,1,1,0,4,4,0,7,7,0,10,10,0,13,13,0,16,15,18  std=True  |→ 前缀[0, 1, 1, 0, 4, 4, 0, 7, 7, 0, 10, 10, 0, 13, 13, 0, 16, 15]+无限17
        [PPS] 0,1,1,0,4,4,0,7,7,0,10,10,0,13,13,0,16,15  std=True  |→ 0,1,1,0,4,4,0,7,7,0,10,10,0,13,13...
        [PPS] 0,1,1,0,4,4,0,7,7,0,10,10,0,13,13,0,16,15,17  std=True  |→ 0,1,1,0,4,4,0,7,7,0,10,10,0,13,13...
        [PPS] 0,1,1,0,4,4,0,7,7,0,10,10,0,13,13,0,16,15,17,17  std=True  |→ 0,1,1,0,4,4,0,7,7,0,10,10,0,13,13...
        [PPS] 0,1,1,0,4,4,0,7,7,0,10,10,0,13,13,0,16,15,17,17,17  std=True  |→ 0,1,1,0,4,4,0,7,7,0,10,10,0,13,13...
        [PPS] 0,1,1,0,4,4,0,7,7,0,10,10,0,13,13,0,16,15,17,17,17,17  std=True  |→ 0,1,1,0,4,4,0,7,7,0,10,10,0,13,13...
      [PPS] 0,1,1,0,4,4,0,7,7,0,10,10,0,13,13,0,16,15,18,15,20  std=True  |→ 前缀[0, 1, 1, 0, 4, 4, 0, 7, 7, 0, 10, 10, 0, 13, 13, 0, 16, 15, 18, 15]+无限19
        [PPS] 0,1,1,0,4,4,0,7,7,0,10,10,0,13,13,0,16,15,18,15  std=True  |→ 0,1,1,0,4,4,0,7,7,0,10,10,0,13,13...
        [PPS] 0,1,1,0,4,4,0,7,7,0,10,10,0,13,13,0,16,15,18,15,19  std=True  |→ 0,1,1,0,4,4,0,7,7,0,10,10,0,13,13...
        [PPS] 0,1,1,0,4,4,0,7,7,0,10,10,0,13,13,0,16,15,18,15,19,19  std=True  |→ 0,1,1,0,4,4,0,7,7,0,10,10,0,13,13...
        [PPS] 0,1,1,0,4,4,0,7,7,0,10,10,0,13,13,0,16,15,18,15,19,19,19  std=True  |→ 0,1,1,0,4,4,0,7,7,0,10,10,0,13,13...
        [PPS] 0,1,1,0,4,4,0,7,7,0,10,10,0,13,13,0,16,15,18,15,19,19,19,19  std=True  |→ 0,1,1,0,4,4,0,7,7,0,10,10,0,13,13...
      [PPS] 0,1,1,0,4,4,0,7,7,0,10,10,0,13,13,0,16,15,18,15,20,15,22  std=True  |→ 前缀[0, 1, 1, 0, 4, 4, 0, 7, 7, 0, 10, 10, 0, 13, 13, 0, 16, 15, 18, 15, 20, 15]+无限21
        [PPS] 0,1,1,0,4,4,0,7,7,0,10,10,0,13,13,0,16,15,18,15,20,15  std=True  |→ 0,1,1,0,4,4,0,7,7,0,10,10,0,13,13...
        [PPS] 0,1,1,0,4,4,0,7,7,0,10,10,0,13,13,0,16,15,18,15,20,15,21  std=True  |→ 0,1,1,0,4,4,0,7,7,0,10,10,0,13,13...
        [PPS] 0,1,1,0,4,4,0,7,7,0,10,10,0,13,13,0,16,15,18,15,20,15,21,21  std=True  |→ 0,1,1,0,4,4,0,7,7,0,10,10,0,13,13...
        [PPS] 0,1,1,0,4,4,0,7,7,0,10,10,0,13,13,0,16,15,18,15,20,15,21,21,21  std=True  |→ 0,1,1,0,4,4,0,7,7,0,10,10,0,13,13...
        [PPS] 0,1,1,0,4,4,0,7,7,0,10,10,0,13,13,0,16,15,18,15,20,15,21,21,21,21  std=True  |→ 0,1,1,0,4,4,0,7,7,0,10,10,0,13,13...
      [PPS] 0,1,1,0,4,4,0,7,7,0,10,10,0,13,13,0,16,15,18,15,20,15,22,15,24  std=True  |→ 前缀[0, 1, 1, 0, 4, 4, 0, 7, 7, 0, 10, 10, 0, 13, 13, 0, 16, 15, 18, 15, 20, 15, 22, 15]+无限23
        [PPS] 0,1,1,0,4,4,0,7,7,0,10,10,0,13,13,0,16,15,18,15,20,15,22,15  std=True  |→ 0,1,1,0,4,4,0,7,7,0,10,10,0,13,13...
        [PPS] 0,1,1,0,4,4,0,7,7,0,10,10,0,13,13,0,16,15,18,15,20,15,22,15,23  std=True  |→ 0,1,1,0,4,4,0,7,7,0,10,10,0,13,13...
        [PPS] 0,1,1,0,4,4,0,7,7,0,10,10,0,13,13,0,16,15,18,15,20,15,22,15,23,23  std=True  |→ 0,1,1,0,4,4,0,7,7,0,10,10,0,13,13...
        [PPS] 0,1,1,0,4,4,0,7,7,0,10,10,0,13,13,0,16,15,18,15,20,15,22,15,23,23,23  std=True  |→ 0,1,1,0,4,4,0,7,7,0,10,10,0,13,13...
        [PPS] 0,1,1,0,4,4,0,7,7,0,10,10,0,13,13,0,16,15,18,15,20,15,22,15,23,23,23,23  std=True  |→ 0,1,1,0,4,4,0,7,7,0,10,10,0,13,13...
      [PPS] 0,1,1,0,4,4,0,7,7,0,10,10,0,13,13,0,16,15,18,15,20,15,22,15,24,15,26  std=True  |→ 前缀[0, 1, 1, 0, 4, 4, 0, 7, 7, 0, 10, 10, 0, 13, 13, 0, 16, 15, 18, 15, 20, 15, 22, 15, 24, 15]+无限25
        [PPS] 0,1,1,0,4,4,0,7,7,0,10,10,0,13,13,0,16,15,18,15,20,15,22,15,24,15  std=True  |→ 0,1,1,0,4,4,0,7,7,0,10,10,0,13,13...
        [PPS] 0,1,1,0,4,4,0,7,7,0,10,10,0,13,13,0,16,15,18,15,20,15,22,15,24,15,25  std=True  |→ 0,1,1,0,4,4,0,7,7,0,10,10,0,13,13...
        [PPS] 0,1,1,0,4,4,0,7,7,0,10,10,0,13,13,0,16,15,18,15,20,15,22,15,24,15,25,25  std=True  |→ 0,1,1,0,4,4,0,7,7,0,10,10,0,13,13...
        [PPS] 0,1,1,0,4,4,0,7,7,0,10,10,0,13,13,0,16,15,18,15,20,15,22,15,24,15,25,25,25  std=True  |→ 0,1,1,0,4,4,0,7,7,0,10,10,0,13,13...
        [PPS] 0,1,1,0,4,4,0,7,7,0,10,10,0,13,13,0,16,15,18,15,20,15,22,15,24,15,25,25,25,25  std=True  |→ 0,1,1,0,4,4,0,7,7,0,10,10,0,13,13...
  [PPS] 0,1,1,1,1  std=True  |→ 0,1,1,1,0,5,5,5,0,9,9,9,0,13,13...
    [PPS] 0,1,1,1,0,5,5,5  std=True  |→ 0,1,1,1,0,5,5,4,8,8,4,11,11,4,14...
      [PPS] 0,1,1,1,0,5,5,4,8,8  std=True  |→ 0,1,1,1,0,5,5,4,8,7,10,7,12,7,14...
        [PPS] 0,1,1,1,0,5,5,4,8,7,10  std=True  |→ 前缀[0, 1, 1, 1, 0, 5, 5, 4, 8, 7]+无限9
        [PPS] 0,1,1,1,0,5,5,4,8,7,10,7,12  std=True  |→ 前缀[0, 1, 1, 1, 0, 5, 5, 4, 8, 7, 10, 7]+无限11
        [PPS] 0,1,1,1,0,5,5,4,8,7,10,7,12,7,14  std=True  |→ 前缀[0, 1, 1, 1, 0, 5, 5, 4, 8, 7, 10, 7, 12, 7]+无限13
        [PPS] 0,1,1,1,0,5,5,4,8,7,10,7,12,7,14,7,16  std=True  |→ 前缀[0, 1, 1, 1, 0, 5, 5, 4, 8, 7, 10, 7, 12, 7, 14, 7]+无限15
        [PPS] 0,1,1,1,0,5,5,4,8,7,10,7,12,7,14,7,16,7,18  std=True  |→ 前缀[0, 1, 1, 1, 0, 5, 5, 4, 8, 7, 10, 7, 12, 7, 14, 7, 16, 7]+无限17
      [PPS] 0,1,1,1,0,5,5,4,8,8,4,11,11  std=True  |→ 0,1,1,1,0,5,5,4,8,8,4,11,10,13,10...
        [PPS] 0,1,1,1,0,5,5,4,8,8,4,11,10,13  std=True  |→ 前缀[0, 1, 1, 1, 0, 5, 5, 4, 8, 8, 4, 11, 10]+无限12
        [PPS] 0,1,1,1,0,5,5,4,8,8,4,11,10,13,10,15  std=True  |→ 前缀[0, 1, 1, 1, 0, 5, 5, 4, 8, 8, 4, 11, 10, 13, 10]+无限14
        [PPS] 0,1,1,1,0,5,5,4,8,8,4,11,10,13,10,15,10,17  std=True  |→ 前缀[0, 1, 1, 1, 0, 5, 5, 4, 8, 8, 4, 11, 10, 13, 10, 15, 10]+无限16
        [PPS] 0,1,1,1,0,5,5,4,8,8,4,11,10,13,10,15,10,17,10,19  std=True  |→ 前缀[0, 1, 1, 1, 0, 5, 5, 4, 8, 8, 4, 11, 10, 13, 10, 15, 10, 17, 10]+无限18
        [PPS] 0,1,1,1,0,5,5,4,8,8,4,11,10,13,10,15,10,17,10,19,10,21  std=True  |→ 前缀[0, 1, 1, 1, 0, 5, 5, 4, 8, 8, 4, 11, 10, 13, 10, 15, 10, 17, 10, 19, 10]+无限20
      [PPS] 0,1,1,1,0,5,5,4,8,8,4,11,11,4,14,14  std=True  |→ 0,1,1,1,0,5,5,4,8,8,4,11,11,4,14...
        [PPS] 0,1,1,1,0,5,5,4,8,8,4,11,11,4,14,13,16  std=True  |→ 前缀[0, 1, 1, 1, 0, 5, 5, 4, 8, 8, 4, 11, 11, 4, 14, 13]+无限15
        [PPS] 0,1,1,1,0,5,5,4,8,8,4,11,11,4,14,13,16,13,18  std=True  |→ 前缀[0, 1, 1, 1, 0, 5, 5, 4, 8, 8, 4, 11, 11, 4, 14, 13, 16, 13]+无限17
        [PPS] 0,1,1,1,0,5,5,4,8,8,4,11,11,4,14,13,16,13,18,13,20  std=True  |→ 前缀[0, 1, 1, 1, 0, 5, 5, 4, 8, 8, 4, 11, 11, 4, 14, 13, 16, 13, 18, 13]+无限19
        [PPS] 0,1,1,1,0,5,5,4,8,8,4,11,11,4,14,13,16,13,18,13,20,13,22  std=True  |→ 前缀[0, 1, 1, 1, 0, 5, 5, 4, 8, 8, 4, 11, 11, 4, 14, 13, 16, 13, 18, 13, 20, 13]+无限21
        [PPS] 0,1,1,1,0,5,5,4,8,8,4,11,11,4,14,13,16,13,18,13,20,13,22,13,24  std=True  |→ 前缀[0, 1, 1, 1, 0, 5, 5, 4, 8, 8, 4, 11, 11, 4, 14, 13, 16, 13, 18, 13, 20, 13, 22, 13]+无限23
      [PPS] 0,1,1,1,0,5,5,4,8,8,4,11,11,4,14,14,4,17,17  std=True  |→ 0,1,1,1,0,5,5,4,8,8,4,11,11,4,14...
        [PPS] 0,1,1,1,0,5,5,4,8,8,4,11,11,4,14,14,4,17,16,19  std=True  |→ 前缀[0, 1, 1, 1, 0, 5, 5, 4, 8, 8, 4, 11, 11, 4, 14, 14, 4, 17, 16]+无限18
        [PPS] 0,1,1,1,0,5,5,4,8,8,4,11,11,4,14,14,4,17,16,19,16,21  std=True  |→ 前缀[0, 1, 1, 1, 0, 5, 5, 4, 8, 8, 4, 11, 11, 4, 14, 14, 4, 17, 16, 19, 16]+无限20
        [PPS] 0,1,1,1,0,5,5,4,8,8,4,11,11,4,14,14,4,17,16,19,16,21,16,23  std=True  |→ 前缀[0, 1, 1, 1, 0, 5, 5, 4, 8, 8, 4, 11, 11, 4, 14, 14, 4, 17, 16, 19, 16, 21, 16]+无限22
        [PPS] 0,1,1,1,0,5,5,4,8,8,4,11,11,4,14,14,4,17,16,19,16,21,16,23,16,25  std=True  |→ 前缀[0, 1, 1, 1, 0, 5, 5, 4, 8, 8, 4, 11, 11, 4, 14, 14, 4, 17, 16, 19, 16, 21, 16, 23, 16]+无限24
        [PPS] 0,1,1,1,0,5,5,4,8,8,4,11,11,4,14,14,4,17,16,19,16,21,16,23,16,25,16,27  std=True  |→ 前缀[0, 1, 1, 1, 0, 5, 5, 4, 8, 8, 4, 11, 11, 4, 14, 14, 4, 17, 16, 19, 16, 21, 16, 23, 16, 25, 16]+无限26
      [PPS] 0,1,1,1,0,5,5,4,8,8,4,11,11,4,14,14,4,17,17,4,20,20  std=True  |→ 0,1,1,1,0,5,5,4,8,8,4,11,11,4,14...
        [PPS] 0,1,1,1,0,5,5,4,8,8,4,11,11,4,14,14,4,17,17,4,20,19,22  std=True  |→ 前缀[0, 1, 1, 1, 0, 5, 5, 4, 8, 8, 4, 11, 11, 4, 14, 14, 4, 17, 17, 4, 20, 19]+无限21
        [PPS] 0,1,1,1,0,5,5,4,8,8,4,11,11,4,14,14,4,17,17,4,20,19,22,19,24  std=True  |→ 前缀[0, 1, 1, 1, 0, 5, 5, 4, 8, 8, 4, 11, 11, 4, 14, 14, 4, 17, 17, 4, 20, 19, 22, 19]+无限23
        [PPS] 0,1,1,1,0,5,5,4,8,8,4,11,11,4,14,14,4,17,17,4,20,19,22,19,24,19,26  std=True  |→ 前缀[0, 1, 1, 1, 0, 5, 5, 4, 8, 8, 4, 11, 11, 4, 14, 14, 4, 17, 17, 4, 20, 19, 22, 19, 24, 19]+无限25
        [PPS] 0,1,1,1,0,5,5,4,8,8,4,11,11,4,14,14,4,17,17,4,20,19,22,19,24,19,26,19,28  std=True  |→ 前缀[0, 1, 1, 1, 0, 5, 5, 4, 8, 8, 4, 11, 11, 4, 14, 14, 4, 17, 17, 4, 20, 19, 22, 19, 24, 19, 26, 19]+无限27
        [PPS] 0,1,1,1,0,5,5,4,8,8,4,11,11,4,14,14,4,17,17,4,20,19,22,19,24,19,26,19,28,19,30  std=True  |→ 前缀[0, 1, 1, 1, 0, 5, 5, 4, 8, 8, 4, 11, 11, 4, 14, 14, 4, 17, 17, 4, 20, 19, 22, 19, 24, 19, 26, 19, 28, 19]+无限29
    [PPS] 0,1,1,1,0,5,5,5,0,9,9,9  std=True  |→ 0,1,1,1,0,5,5,5,0,9,9,8,12,12,8...
      [PPS] 0,1,1,1,0,5,5,5,0,9,9,8,12,12  std=True  |→ 0,1,1,1,0,5,5,5,0,9,9,8,12,11,14...
        [PPS] 0,1,1,1,0,5,5,5,0,9,9,8,12,11,14  std=True  |→ 前缀[0, 1, 1, 1, 0, 5, 5, 5, 0, 9, 9, 8, 12, 11]+无限13
        [PPS] 0,1,1,1,0,5,5,5,0,9,9,8,12,11,14,11,16  std=True  |→ 前缀[0, 1, 1, 1, 0, 5, 5, 5, 0, 9, 9, 8, 12, 11, 14, 11]+无限15
        [PPS] 0,1,1,1,0,5,5,5,0,9,9,8,12,11,14,11,16,11,18  std=True  |→ 前缀[0, 1, 1, 1, 0, 5, 5, 5, 0, 9, 9, 8, 12, 11, 14, 11, 16, 11]+无限17
        [PPS] 0,1,1,1,0,5,5,5,0,9,9,8,12,11,14,11,16,11,18,11,20  std=True  |→ 前缀[0, 1, 1, 1, 0, 5, 5, 5, 0, 9, 9, 8, 12, 11, 14, 11, 16, 11, 18, 11]+无限19
        [PPS] 0,1,1,1,0,5,5,5,0,9,9,8,12,11,14,11,16,11,18,11,20,11,22  std=True  |→ 前缀[0, 1, 1, 1, 0, 5, 5, 5, 0, 9, 9, 8, 12, 11, 14, 11, 16, 11, 18, 11, 20, 11]+无限21
      [PPS] 0,1,1,1,0,5,5,5,0,9,9,8,12,12,8,15,15  std=True  |→ 0,1,1,1,0,5,5,5,0,9,9,8,12,12,8...
        [PPS] 0,1,1,1,0,5,5,5,0,9,9,8,12,12,8,15,14,17  std=True  |→ 前缀[0, 1, 1, 1, 0, 5, 5, 5, 0, 9, 9, 8, 12, 12, 8, 15, 14]+无限16
        [PPS] 0,1,1,1,0,5,5,5,0,9,9,8,12,12,8,15,14,17,14,19  std=True  |→ 前缀[0, 1, 1, 1, 0, 5, 5, 5, 0, 9, 9, 8, 12, 12, 8, 15, 14, 17, 14]+无限18
        [PPS] 0,1,1,1,0,5,5,5,0,9,9,8,12,12,8,15,14,17,14,19,14,21  std=True  |→ 前缀[0, 1, 1, 1, 0, 5, 5, 5, 0, 9, 9, 8, 12, 12, 8, 15, 14, 17, 14, 19, 14]+无限20
        [PPS] 0,1,1,1,0,5,5,5,0,9,9,8,12,12,8,15,14,17,14,19,14,21,14,23  std=True  |→ 前缀[0, 1, 1, 1, 0, 5, 5, 5, 0, 9, 9, 8, 12, 12, 8, 15, 14, 17, 14, 19, 14, 21, 14]+无限22
        [PPS] 0,1,1,1,0,5,5,5,0,9,9,8,12,12,8,15,14,17,14,19,14,21,14,23,14,25  std=True  |→ 前缀[0, 1, 1, 1, 0, 5, 5, 5, 0, 9, 9, 8, 12, 12, 8, 15, 14, 17, 14, 19, 14, 21, 14, 23, 14]+无限24
      [PPS] 0,1,1,1,0,5,5,5,0,9,9,8,12,12,8,15,15,8,18,18  std=True  |→ 0,1,1,1,0,5,5,5,0,9,9,8,12,12,8...
        [PPS] 0,1,1,1,0,5,5,5,0,9,9,8,12,12,8,15,15,8,18,17,20  std=True  |→ 前缀[0, 1, 1, 1, 0, 5, 5, 5, 0, 9, 9, 8, 12, 12, 8, 15, 15, 8, 18, 17]+无限19
        [PPS] 0,1,1,1,0,5,5,5,0,9,9,8,12,12,8,15,15,8,18,17,20,17,22  std=True  |→ 前缀[0, 1, 1, 1, 0, 5, 5, 5, 0, 9, 9, 8, 12, 12, 8, 15, 15, 8, 18, 17, 20, 17]+无限21
        [PPS] 0,1,1,1,0,5,5,5,0,9,9,8,12,12,8,15,15,8,18,17,20,17,22,17,24  std=True  |→ 前缀[0, 1, 1, 1, 0, 5, 5, 5, 0, 9, 9, 8, 12, 12, 8, 15, 15, 8, 18, 17, 20, 17, 22, 17]+无限23
        [PPS] 0,1,1,1,0,5,5,5,0,9,9,8,12,12,8,15,15,8,18,17,20,17,22,17,24,17,26  std=True  |→ 前缀[0, 1, 1, 1, 0, 5, 5, 5, 0, 9, 9, 8, 12, 12, 8, 15, 15, 8, 18, 17, 20, 17, 22, 17, 24, 17]+无限25
        [PPS] 0,1,1,1,0,5,5,5,0,9,9,8,12,12,8,15,15,8,18,17,20,17,22,17,24,17,26,17,28  std=True  |→ 前缀[0, 1, 1, 1, 0, 5, 5, 5, 0, 9, 9, 8, 12, 12, 8, 15, 15, 8, 18, 17, 20, 17, 22, 17, 24, 17, 26, 17]+无限27
      [PPS] 0,1,1,1,0,5,5,5,0,9,9,8,12,12,8,15,15,8,18,18,8,21,21  std=True  |→ 0,1,1,1,0,5,5,5,0,9,9,8,12,12,8...
        [PPS] 0,1,1,1,0,5,5,5,0,9,9,8,12,12,8,15,15,8,18,18,8,21,20,23  std=True  |→ 前缀[0, 1, 1, 1, 0, 5, 5, 5, 0, 9, 9, 8, 12, 12, 8, 15, 15, 8, 18, 18, 8, 21, 20]+无限22
        [PPS] 0,1,1,1,0,5,5,5,0,9,9,8,12,12,8,15,15,8,18,18,8,21,20,23,20,25  std=True  |→ 前缀[0, 1, 1, 1, 0, 5, 5, 5, 0, 9, 9, 8, 12, 12, 8, 15, 15, 8, 18, 18, 8, 21, 20, 23, 20]+无限24
        [PPS] 0,1,1,1,0,5,5,5,0,9,9,8,12,12,8,15,15,8,18,18,8,21,20,23,20,25,20,27  std=True  |→ 前缀[0, 1, 1, 1, 0, 5, 5, 5, 0, 9, 9, 8, 12, 12, 8, 15, 15, 8, 18, 18, 8, 21, 20, 23, 20, 25, 20]+无限26
        [PPS] 0,1,1,1,0,5,5,5,0,9,9,8,12,12,8,15,15,8,18,18,8,21,20,23,20,25,20,27,20,29  std=True  |→ 前缀[0, 1, 1, 1, 0, 5, 5, 5, 0, 9, 9, 8, 12, 12, 8, 15, 15, 8, 18, 18, 8, 21, 20, 23, 20, 25, 20, 27, 20]+无限28
        [PPS] 0,1,1,1,0,5,5,5,0,9,9,8,12,12,8,15,15,8,18,18,8,21,20,23,20,25,20,27,20,29,20,31  std=True  |→ 前缀[0, 1, 1, 1, 0, 5, 5, 5, 0, 9, 9, 8, 12, 12, 8, 15, 15, 8, 18, 18, 8, 21, 20, 23, 20, 25, 20, 27, 20, 29, 20]+无限30
      [PPS] 0,1,1,1,0,5,5,5,0,9,9,8,12,12,8,15,15,8,18,18,8,21,21,8,24,24  std=True  |→ 0,1,1,1,0,5,5,5,0,9,9,8,12,12,8...
        [PPS] 0,1,1,1,0,5,5,5,0,9,9,8,12,12,8,15,15,8,18,18,8,21,21,8,24,23,26  std=True  |→ 前缀[0, 1, 1, 1, 0, 5, 5, 5, 0, 9, 9, 8, 12, 12, 8, 15, 15, 8, 18, 18, 8, 21, 21, 8, 24, 23]+无限25
        [PPS] 0,1,1,1,0,5,5,5,0,9,9,8,12,12,8,15,15,8,18,18,8,21,21,8,24,23,26,23,28  std=True  |→ 前缀[0, 1, 1, 1, 0, 5, 5, 5, 0, 9, 9, 8, 12, 12, 8, 15, 15, 8, 18, 18, 8, 21, 21, 8, 24, 23, 26, 23]+无限27
        [PPS] 0,1,1,1,0,5,5,5,0,9,9,8,12,12,8,15,15,8,18,18,8,21,21,8,24,23,26,23,28,23,30  std=True  |→ 前缀[0, 1, 1, 1, 0, 5, 5, 5, 0, 9, 9, 8, 12, 12, 8, 15, 15, 8, 18, 18, 8, 21, 21, 8, 24, 23, 26, 23, 28, 23]+无限29
        [PPS] 0,1,1,1,0,5,5,5,0,9,9,8,12,12,8,15,15,8,18,18,8,21,21,8,24,23,26,23,28,23,30,23,32  std=True  |→ 前缀[0, 1, 1, 1, 0, 5, 5, 5, 0, 9, 9, 8, 12, 12, 8, 15, 15, 8, 18, 18, 8, 21, 21, 8, 24, 23, 26, 23, 28, 23, 30, 23]+无限31
        [PPS] 0,1,1,1,0,5,5,5,0,9,9,8,12,12,8,15,15,8,18,18,8,21,21,8,24,23,26,23,28,23,30,23,32,23,34  std=True  |→ 前缀[0, 1, 1, 1, 0, 5, 5, 5, 0, 9, 9, 8, 12, 12, 8, 15, 15, 8, 18, 18, 8, 21, 21, 8, 24, 23, 26, 23, 28, 23, 30, 23, 32, 23]+无限33
    [PPS] 0,1,1,1,0,5,5,5,0,9,9,9,0,13,13,13  std=True  |→ 0,1,1,1,0,5,5,5,0,9,9,9,0,13,13...
      [PPS] 0,1,1,1,0,5,5,5,0,9,9,9,0,13,13,12,16,16  std=True  |→ 0,1,1,1,0,5,5,5,0,9,9,9,0,13,13...
        [PPS] 0,1,1,1,0,5,5,5,0,9,9,9,0,13,13,12,16,15,18  std=True  |→ 前缀[0, 1, 1, 1, 0, 5, 5, 5, 0, 9, 9, 9, 0, 13, 13, 12, 16, 15]+无限17
        [PPS] 0,1,1,1,0,5,5,5,0,9,9,9,0,13,13,12,16,15,18,15,20  std=True  |→ 前缀[0, 1, 1, 1, 0, 5, 5, 5, 0, 9, 9, 9, 0, 13, 13, 12, 16, 15, 18, 15]+无限19
        [PPS] 0,1,1,1,0,5,5,5,0,9,9,9,0,13,13,12,16,15,18,15,20,15,22  std=True  |→ 前缀[0, 1, 1, 1, 0, 5, 5, 5, 0, 9, 9, 9, 0, 13, 13, 12, 16, 15, 18, 15, 20, 15]+无限21
        [PPS] 0,1,1,1,0,5,5,5,0,9,9,9,0,13,13,12,16,15,18,15,20,15,22,15,24  std=True  |→ 前缀[0, 1, 1, 1, 0, 5, 5, 5, 0, 9, 9, 9, 0, 13, 13, 12, 16, 15, 18, 15, 20, 15, 22, 15]+无限23
        [PPS] 0,1,1,1,0,5,5,5,0,9,9,9,0,13,13,12,16,15,18,15,20,15,22,15,24,15,26  std=True  |→ 前缀[0, 1, 1, 1, 0, 5, 5, 5, 0, 9, 9, 9, 0, 13, 13, 12, 16, 15, 18, 15, 20, 15, 22, 15, 24, 15]+无限25
      [PPS] 0,1,1,1,0,5,5,5,0,9,9,9,0,13,13,12,16,16,12,19,19  std=True  |→ 0,1,1,1,0,5,5,5,0,9,9,9,0,13,13...
        [PPS] 0,1,1,1,0,5,5,5,0,9,9,9,0,13,13,12,16,16,12,19,18,21  std=True  |→ 前缀[0, 1, 1, 1, 0, 5, 5, 5, 0, 9, 9, 9, 0, 13, 13, 12, 16, 16, 12, 19, 18]+无限20
        [PPS] 0,1,1,1,0,5,5,5,0,9,9,9,0,13,13,12,16,16,12,19,18,21,18,23  std=True  |→ 前缀[0, 1, 1, 1, 0, 5, 5, 5, 0, 9, 9, 9, 0, 13, 13, 12, 16, 16, 12, 19, 18, 21, 18]+无限22
        [PPS] 0,1,1,1,0,5,5,5,0,9,9,9,0,13,13,12,16,16,12,19,18,21,18,23,18,25  std=True  |→ 前缀[0, 1, 1, 1, 0, 5, 5, 5, 0, 9, 9, 9, 0, 13, 13, 12, 16, 16, 12, 19, 18, 21, 18, 23, 18]+无限24
        [PPS] 0,1,1,1,0,5,5,5,0,9,9,9,0,13,13,12,16,16,12,19,18,21,18,23,18,25,18,27  std=True  |→ 前缀[0, 1, 1, 1, 0, 5, 5, 5, 0, 9, 9, 9, 0, 13, 13, 12, 16, 16, 12, 19, 18, 21, 18, 23, 18, 25, 18]+无限26
        [PPS] 0,1,1,1,0,5,5,5,0,9,9,9,0,13,13,12,16,16,12,19,18,21,18,23,18,25,18,27,18,29  std=True  |→ 前缀[0, 1, 1, 1, 0, 5, 5, 5, 0, 9, 9, 9, 0, 13, 13, 12, 16, 16, 12, 19, 18, 21, 18, 23, 18, 25, 18, 27, 18]+无限28
      [PPS] 0,1,1,1,0,5,5,5,0,9,9,9,0,13,13,12,16,16,12,19,19,12,22,22  std=True  |→ 0,1,1,1,0,5,5,5,0,9,9,9,0,13,13...
        [PPS] 0,1,1,1,0,5,5,5,0,9,9,9,0,13,13,12,16,16,12,19,19,12,22,21,24  std=True  |→ 前缀[0, 1, 1, 1, 0, 5, 5, 5, 0, 9, 9, 9, 0, 13, 13, 12, 16, 16, 12, 19, 19, 12, 22, 21]+无限23
        [PPS] 0,1,1,1,0,5,5,5,0,9,9,9,0,13,13,12,16,16,12,19,19,12,22,21,24,21,26  std=True  |→ 前缀[0, 1, 1, 1, 0, 5, 5, 5, 0, 9, 9, 9, 0, 13, 13, 12, 16, 16, 12, 19, 19, 12, 22, 21, 24, 21]+无限25
        [PPS] 0,1,1,1,0,5,5,5,0,9,9,9,0,13,13,12,16,16,12,19,19,12,22,21,24,21,26,21,28  std=True  |→ 前缀[0, 1, 1, 1, 0, 5, 5, 5, 0, 9, 9, 9, 0, 13, 13, 12, 16, 16, 12, 19, 19, 12, 22, 21, 24, 21, 26, 21]+无限27
        [PPS] 0,1,1,1,0,5,5,5,0,9,9,9,0,13,13,12,16,16,12,19,19,12,22,21,24,21,26,21,28,21,30  std=True  |→ 前缀[0, 1, 1, 1, 0, 5, 5, 5, 0, 9, 9, 9, 0, 13, 13, 12, 16, 16, 12, 19, 19, 12, 22, 21, 24, 21, 26, 21, 28, 21]+无限29
        [PPS] 0,1,1,1,0,5,5,5,0,9,9,9,0,13,13,12,16,16,12,19,19,12,22,21,24,21,26,21,28,21,30,21,32  std=True  |→ 前缀[0, 1, 1, 1, 0, 5, 5, 5, 0, 9, 9, 9, 0, 13, 13, 12, 16, 16, 12, 19, 19, 12, 22, 21, 24, 21, 26, 21, 28, 21, 30, 21]+无限31
      [PPS] 0,1,1,1,0,5,5,5,0,9,9,9,0,13,13,12,16,16,12,19,19,12,22,22,12,25,25  std=True  |→ 0,1,1,1,0,5,5,5,0,9,9,9,0,13,13...
        [PPS] 0,1,1,1,0,5,5,5,0,9,9,9,0,13,13,12,16,16,12,19,19,12,22,22,12,25,24,27  std=True  |→ 前缀[0, 1, 1, 1, 0, 5, 5, 5, 0, 9, 9, 9, 0, 13, 13, 12, 16, 16, 12, 19, 19, 12, 22, 22, 12, 25, 24]+无限26
        [PPS] 0,1,1,1,0,5,5,5,0,9,9,9,0,13,13,12,16,16,12,19,19,12,22,22,12,25,24,27,24,29  std=True  |→ 前缀[0, 1, 1, 1, 0, 5, 5, 5, 0, 9, 9, 9, 0, 13, 13, 12, 16, 16, 12, 19, 19, 12, 22, 22, 12, 25, 24, 27, 24]+无限28
        [PPS] 0,1,1,1,0,5,5,5,0,9,9,9,0,13,13,12,16,16,12,19,19,12,22,22,12,25,24,27,24,29,24,31  std=True  |→ 前缀[0, 1, 1, 1, 0, 5, 5, 5, 0, 9, 9, 9, 0, 13, 13, 12, 16, 16, 12, 19, 19, 12, 22, 22, 12, 25, 24, 27, 24, 29, 24]+无限30
        [PPS] 0,1,1,1,0,5,5,5,0,9,9,9,0,13,13,12,16,16,12,19,19,12,22,22,12,25,24,27,24,29,24,31,24,33  std=True  |→ 前缀[0, 1, 1, 1, 0, 5, 5, 5, 0, 9, 9, 9, 0, 13, 13, 12, 16, 16, 12, 19, 19, 12, 22, 22, 12, 25, 24, 27, 24, 29, 24, 31, 24]+无限32
        [PPS] 0,1,1,1,0,5,5,5,0,9,9,9,0,13,13,12,16,16,12,19,19,12,22,22,12,25,24,27,24,29,24,31,24,33,24,35  std=True  |→ 前缀[0, 1, 1, 1, 0, 5, 5, 5, 0, 9, 9, 9, 0, 13, 13, 12, 16, 16, 12, 19, 19, 12, 22, 22, 12, 25, 24, 27, 24, 29, 24, 31, 24, 33, 24]+无限34
      [PPS] 0,1,1,1,0,5,5,5,0,9,9,9,0,13,13,12,16,16,12,19,19,12,22,22,12,25,25,12,28,28  std=True  |→ 0,1,1,1,0,5,5,5,0,9,9,9,0,13,13...
        [PPS] 0,1,1,1,0,5,5,5,0,9,9,9,0,13,13,12,16,16,12,19,19,12,22,22,12,25,25,12,28,27,30  std=True  |→ 前缀[0, 1, 1, 1, 0, 5, 5, 5, 0, 9, 9, 9, 0, 13, 13, 12, 16, 16, 12, 19, 19, 12, 22, 22, 12, 25, 25, 12, 28, 27]+无限29
        [PPS] 0,1,1,1,0,5,5,5,0,9,9,9,0,13,13,12,16,16,12,19,19,12,22,22,12,25,25,12,28,27,30,27,32  std=True  |→ 前缀[0, 1, 1, 1, 0, 5, 5, 5, 0, 9, 9, 9, 0, 13, 13, 12, 16, 16, 12, 19, 19, 12, 22, 22, 12, 25, 25, 12, 28, 27, 30, 27]+无限31
        [PPS] 0,1,1,1,0,5,5,5,0,9,9,9,0,13,13,12,16,16,12,19,19,12,22,22,12,25,25,12,28,27,30,27,32,27,34  std=True  |→ 前缀[0, 1, 1, 1, 0, 5, 5, 5, 0, 9, 9, 9, 0, 13, 13, 12, 16, 16, 12, 19, 19, 12, 22, 22, 12, 25, 25, 12, 28, 27, 30, 27, 32, 27]+无限33
        [PPS] 0,1,1,1,0,5,5,5,0,9,9,9,0,13,13,12,16,16,12,19,19,12,22,22,12,25,25,12,28,27,30,27,32,27,34,27,36  std=True  |→ 前缀[0, 1, 1, 1, 0, 5, 5, 5, 0, 9, 9, 9, 0, 13, 13, 12, 16, 16, 12, 19, 19, 12, 22, 22, 12, 25, 25, 12, 28, 27, 30, 27, 32, 27, 34, 27]+无限35
        [PPS] 0,1,1,1,0,5,5,5,0,9,9,9,0,13,13,12,16,16,12,19,19,12,22,22,12,25,25,12,28,27,30,27,32,27,34,27,36,27,38  std=True  |→ 前缀[0, 1, 1, 1, 0, 5, 5, 5, 0, 9, 9, 9, 0, 13, 13, 12, 16, 16, 12, 19, 19, 12, 22, 22, 12, 25, 25, 12, 28, 27, 30, 27, 32, 27, 34, 27, 36, 27]+无限37
    [PPS] 0,1,1,1,0,5,5,5,0,9,9,9,0,13,13,13,0,17,17,17  std=True  |→ 0,1,1,1,0,5,5,5,0,9,9,9,0,13,13...
      [PPS] 0,1,1,1,0,5,5,5,0,9,9,9,0,13,13,13,0,17,17,16,20,20  std=True  |→ 0,1,1,1,0,5,5,5,0,9,9,9,0,13,13...
        [PPS] 0,1,1,1,0,5,5,5,0,9,9,9,0,13,13,13,0,17,17,16,20,19,22  std=True  |→ 前缀[0, 1, 1, 1, 0, 5, 5, 5, 0, 9, 9, 9, 0, 13, 13, 13, 0, 17, 17, 16, 20, 19]+无限21
        [PPS] 0,1,1,1,0,5,5,5,0,9,9,9,0,13,13,13,0,17,17,16,20,19,22,19,24  std=True  |→ 前缀[0, 1, 1, 1, 0, 5, 5, 5, 0, 9, 9, 9, 0, 13, 13, 13, 0, 17, 17, 16, 20, 19, 22, 19]+无限23
        [PPS] 0,1,1,1,0,5,5,5,0,9,9,9,0,13,13,13,0,17,17,16,20,19,22,19,24,19,26  std=True  |→ 前缀[0, 1, 1, 1, 0, 5, 5, 5, 0, 9, 9, 9, 0, 13, 13, 13, 0, 17, 17, 16, 20, 19, 22, 19, 24, 19]+无限25
        [PPS] 0,1,1,1,0,5,5,5,0,9,9,9,0,13,13,13,0,17,17,16,20,19,22,19,24,19,26,19,28  std=True  |→ 前缀[0, 1, 1, 1, 0, 5, 5, 5, 0, 9, 9, 9, 0, 13, 13, 13, 0, 17, 17, 16, 20, 19, 22, 19, 24, 19, 26, 19]+无限27
        [PPS] 0,1,1,1,0,5,5,5,0,9,9,9,0,13,13,13,0,17,17,16,20,19,22,19,24,19,26,19,28,19,30  std=True  |→ 前缀[0, 1, 1, 1, 0, 5, 5, 5, 0, 9, 9, 9, 0, 13, 13, 13, 0, 17, 17, 16, 20, 19, 22, 19, 24, 19, 26, 19, 28, 19]+无限29
      [PPS] 0,1,1,1,0,5,5,5,0,9,9,9,0,13,13,13,0,17,17,16,20,20,16,23,23  std=True  |→ 0,1,1,1,0,5,5,5,0,9,9,9,0,13,13...
        [PPS] 0,1,1,1,0,5,5,5,0,9,9,9,0,13,13,13,0,17,17,16,20,20,16,23,22,25  std=True  |→ 前缀[0, 1, 1, 1, 0, 5, 5, 5, 0, 9, 9, 9, 0, 13, 13, 13, 0, 17, 17, 16, 20, 20, 16, 23, 22]+无限24
        [PPS] 0,1,1,1,0,5,5,5,0,9,9,9,0,13,13,13,0,17,17,16,20,20,16,23,22,25,22,27  std=True  |→ 前缀[0, 1, 1, 1, 0, 5, 5, 5, 0, 9, 9, 9, 0, 13, 13, 13, 0, 17, 17, 16, 20, 20, 16, 23, 22, 25, 22]+无限26
        [PPS] 0,1,1,1,0,5,5,5,0,9,9,9,0,13,13,13,0,17,17,16,20,20,16,23,22,25,22,27,22,29  std=True  |→ 前缀[0, 1, 1, 1, 0, 5, 5, 5, 0, 9, 9, 9, 0, 13, 13, 13, 0, 17, 17, 16, 20, 20, 16, 23, 22, 25, 22, 27, 22]+无限28
        [PPS] 0,1,1,1,0,5,5,5,0,9,9,9,0,13,13,13,0,17,17,16,20,20,16,23,22,25,22,27,22,29,22,31  std=True  |→ 前缀[0, 1, 1, 1, 0, 5, 5, 5, 0, 9, 9, 9, 0, 13, 13, 13, 0, 17, 17, 16, 20, 20, 16, 23, 22, 25, 22, 27, 22, 29, 22]+无限30
        [PPS] 0,1,1,1,0,5,5,5,0,9,9,9,0,13,13,13,0,17,17,16,20,20,16,23,22,25,22,27,22,29,22,31,22,33  std=True  |→ 前缀[0, 1, 1, 1, 0, 5, 5, 5, 0, 9, 9, 9, 0, 13, 13, 13, 0, 17, 17, 16, 20, 20, 16, 23, 22, 25, 22, 27, 22, 29, 22, 31, 22]+无限32
      [PPS] 0,1,1,1,0,5,5,5,0,9,9,9,0,13,13,13,0,17,17,16,20,20,16,23,23,16,26,26  std=True  |→ 0,1,1,1,0,5,5,5,0,9,9,9,0,13,13...
        [PPS] 0,1,1,1,0,5,5,5,0,9,9,9,0,13,13,13,0,17,17,16,20,20,16,23,23,16,26,25,28  std=True  |→ 前缀[0, 1, 1, 1, 0, 5, 5, 5, 0, 9, 9, 9, 0, 13, 13, 13, 0, 17, 17, 16, 20, 20, 16, 23, 23, 16, 26, 25]+无限27
        [PPS] 0,1,1,1,0,5,5,5,0,9,9,9,0,13,13,13,0,17,17,16,20,20,16,23,23,16,26,25,28,25,30  std=True  |→ 前缀[0, 1, 1, 1, 0, 5, 5, 5, 0, 9, 9, 9, 0, 13, 13, 13, 0, 17, 17, 16, 20, 20, 16, 23, 23, 16, 26, 25, 28, 25]+无限29
        [PPS] 0,1,1,1,0,5,5,5,0,9,9,9,0,13,13,13,0,17,17,16,20,20,16,23,23,16,26,25,28,25,30,25,32  std=True  |→ 前缀[0, 1, 1, 1, 0, 5, 5, 5, 0, 9, 9, 9, 0, 13, 13, 13, 0, 17, 17, 16, 20, 20, 16, 23, 23, 16, 26, 25, 28, 25, 30, 25]+无限31
        [PPS] 0,1,1,1,0,5,5,5,0,9,9,9,0,13,13,13,0,17,17,16,20,20,16,23,23,16,26,25,28,25,30,25,32,25,34  std=True  |→ 前缀[0, 1, 1, 1, 0, 5, 5, 5, 0, 9, 9, 9, 0, 13, 13, 13, 0, 17, 17, 16, 20, 20, 16, 23, 23, 16, 26, 25, 28, 25, 30, 25, 32, 25]+无限33
        [PPS] 0,1,1,1,0,5,5,5,0,9,9,9,0,13,13,13,0,17,17,16,20,20,16,23,23,16,26,25,28,25,30,25,32,25,34,25,36  std=True  |→ 前缀[0, 1, 1, 1, 0, 5, 5, 5, 0, 9, 9, 9, 0, 13, 13, 13, 0, 17, 17, 16, 20, 20, 16, 23, 23, 16, 26, 25, 28, 25, 30, 25, 32, 25, 34, 25]+无限35
      [PPS] 0,1,1,1,0,5,5,5,0,9,9,9,0,13,13,13,0,17,17,16,20,20,16,23,23,16,26,26,16,29,29  std=True  |→ 0,1,1,1,0,5,5,5,0,9,9,9,0,13,13...
        [PPS] 0,1,1,1,0,5,5,5,0,9,9,9,0,13,13,13,0,17,17,16,20,20,16,23,23,16,26,26,16,29,28,31  std=True  |→ 前缀[0, 1, 1, 1, 0, 5, 5, 5, 0, 9, 9, 9, 0, 13, 13, 13, 0, 17, 17, 16, 20, 20, 16, 23, 23, 16, 26, 26, 16, 29, 28]+无限30
        [PPS] 0,1,1,1,0,5,5,5,0,9,9,9,0,13,13,13,0,17,17,16,20,20,16,23,23,16,26,26,16,29,28,31,28,33  std=True  |→ 前缀[0, 1, 1, 1, 0, 5, 5, 5, 0, 9, 9, 9, 0, 13, 13, 13, 0, 17, 17, 16, 20, 20, 16, 23, 23, 16, 26, 26, 16, 29, 28, 31, 28]+无限32
        [PPS] 0,1,1,1,0,5,5,5,0,9,9,9,0,13,13,13,0,17,17,16,20,20,16,23,23,16,26,26,16,29,28,31,28,33,28,35  std=True  |→ 前缀[0, 1, 1, 1, 0, 5, 5, 5, 0, 9, 9, 9, 0, 13, 13, 13, 0, 17, 17, 16, 20, 20, 16, 23, 23, 16, 26, 26, 16, 29, 28, 31, 28, 33, 28]+无限34
        [PPS] 0,1,1,1,0,5,5,5,0,9,9,9,0,13,13,13,0,17,17,16,20,20,16,23,23,16,26,26,16,29,28,31,28,33,28,35,28,37  std=True  |→ 前缀[0, 1, 1, 1, 0, 5, 5, 5, 0, 9, 9, 9, 0, 13, 13, 13, 0, 17, 17, 16, 20, 20, 16, 23, 23, 16, 26, 26, 16, 29, 28, 31, 28, 33, 28, 35, 28]+无限36
        [PPS] 0,1,1,1,0,5,5,5,0,9,9,9,0,13,13,13,0,17,17,16,20,20,16,23,23,16,26,26,16,29,28,31,28,33,28,35,28,37,28,39  std=True  |→ 前缀[0, 1, 1, 1, 0, 5, 5, 5, 0, 9, 9, 9, 0, 13, 13, 13, 0, 17, 17, 16, 20, 20, 16, 23, 23, 16, 26, 26, 16, 29, 28, 31, 28, 33, 28, 35, 28, 37, 28]+无限38
      [PPS] 0,1,1,1,0,5,5,5,0,9,9,9,0,13,13,13,0,17,17,16,20,20,16,23,23,16,26,26,16,29,29,16,32,32  std=True  |→ 0,1,1,1,0,5,5,5,0,9,9,9,0,13,13...
        [PPS] 0,1,1,1,0,5,5,5,0,9,9,9,0,13,13,13,0,17,17,16,20,20,16,23,23,16,26,26,16,29,29,16,32,31,34  std=True  |→ 前缀[0, 1, 1, 1, 0, 5, 5, 5, 0, 9, 9, 9, 0, 13, 13, 13, 0, 17, 17, 16, 20, 20, 16, 23, 23, 16, 26, 26, 16, 29, 29, 16, 32, 31]+无限33
        [PPS] 0,1,1,1,0,5,5,5,0,9,9,9,0,13,13,13,0,17,17,16,20,20,16,23,23,16,26,26,16,29,29,16,32,31,34,31,36  std=True  |→ 前缀[0, 1, 1, 1, 0, 5, 5, 5, 0, 9, 9, 9, 0, 13, 13, 13, 0, 17, 17, 16, 20, 20, 16, 23, 23, 16, 26, 26, 16, 29, 29, 16, 32, 31, 34, 31]+无限35
        [PPS] 0,1,1,1,0,5,5,5,0,9,9,9,0,13,13,13,0,17,17,16,20,20,16,23,23,16,26,26,16,29,29,16,32,31,34,31,36,31,38  std=True  |→ 前缀[0, 1, 1, 1, 0, 5, 5, 5, 0, 9, 9, 9, 0, 13, 13, 13, 0, 17, 17, 16, 20, 20, 16, 23, 23, 16, 26, 26, 16, 29, 29, 16, 32, 31, 34, 31, 36, 31]+无限37
        [PPS] 0,1,1,1,0,5,5,5,0,9,9,9,0,13,13,13,0,17,17,16,20,20,16,23,23,16,26,26,16,29,29,16,32,31,34,31,36,31,38,31,40  std=True  |→ 前缀[0, 1, 1, 1, 0, 5, 5, 5, 0, 9, 9, 9, 0, 13, 13, 13, 0, 17, 17, 16, 20, 20, 16, 23, 23, 16, 26, 26, 16, 29, 29, 16, 32, 31, 34, 31, 36, 31, 38, 31]+无限39
        [PPS] 0,1,1,1,0,5,5,5,0,9,9,9,0,13,13,13,0,17,17,16,20,20,16,23,23,16,26,26,16,29,29,16,32,31,34,31,36,31,38,31,40,31,42  std=True  |→ 前缀[0, 1, 1, 1, 0, 5, 5, 5, 0, 9, 9, 9, 0, 13, 13, 13, 0, 17, 17, 16, 20, 20, 16, 23, 23, 16, 26, 26, 16, 29, 29, 16, 32, 31, 34, 31, 36, 31, 38, 31, 40, 31]+无限41
    [PPS] 0,1,1,1,0,5,5,5,0,9,9,9,0,13,13,13,0,17,17,17,0,21,21,21  std=True  |→ 0,1,1,1,0,5,5,5,0,9,9,9,0,13,13...
      [PPS] 0,1,1,1,0,5,5,5,0,9,9,9,0,13,13,13,0,17,17,17,0,21,21,20,24,24  std=True  |→ 0,1,1,1,0,5,5,5,0,9,9,9,0,13,13...
        [PPS] 0,1,1,1,0,5,5,5,0,9,9,9,0,13,13,13,0,17,17,17,0,21,21,20,24,23,26  std=True  |→ 前缀[0, 1, 1, 1, 0, 5, 5, 5, 0, 9, 9, 9, 0, 13, 13, 13, 0, 17, 17, 17, 0, 21, 21, 20, 24, 23]+无限25
        [PPS] 0,1,1,1,0,5,5,5,0,9,9,9,0,13,13,13,0,17,17,17,0,21,21,20,24,23,26,23,28  std=True  |→ 前缀[0, 1, 1, 1, 0, 5, 5, 5, 0, 9, 9, 9, 0, 13, 13, 13, 0, 17, 17, 17, 0, 21, 21, 20, 24, 23, 26, 23]+无限27
        [PPS] 0,1,1,1,0,5,5,5,0,9,9,9,0,13,13,13,0,17,17,17,0,21,21,20,24,23,26,23,28,23,30  std=True  |→ 前缀[0, 1, 1, 1, 0, 5, 5, 5, 0, 9, 9, 9, 0, 13, 13, 13, 0, 17, 17, 17, 0, 21, 21, 20, 24, 23, 26, 23, 28, 23]+无限29
        [PPS] 0,1,1,1,0,5,5,5,0,9,9,9,0,13,13,13,0,17,17,17,0,21,21,20,24,23,26,23,28,23,30,23,32  std=True  |→ 前缀[0, 1, 1, 1, 0, 5, 5, 5, 0, 9, 9, 9, 0, 13, 13, 13, 0, 17, 17, 17, 0, 21, 21, 20, 24, 23, 26, 23, 28, 23, 30, 23]+无限31
        [PPS] 0,1,1,1,0,5,5,5,0,9,9,9,0,13,13,13,0,17,17,17,0,21,21,20,24,23,26,23,28,23,30,23,32,23,34  std=True  |→ 前缀[0, 1, 1, 1, 0, 5, 5, 5, 0, 9, 9, 9, 0, 13, 13, 13, 0, 17, 17, 17, 0, 21, 21, 20, 24, 23, 26, 23, 28, 23, 30, 23, 32, 23]+无限33
      [PPS] 0,1,1,1,0,5,5,5,0,9,9,9,0,13,13,13,0,17,17,17,0,21,21,20,24,24,20,27,27  std=True  |→ 0,1,1,1,0,5,5,5,0,9,9,9,0,13,13...
        [PPS] 0,1,1,1,0,5,5,5,0,9,9,9,0,13,13,13,0,17,17,17,0,21,21,20,24,24,20,27,26,29  std=True  |→ 前缀[0, 1, 1, 1, 0, 5, 5, 5, 0, 9, 9, 9, 0, 13, 13, 13, 0, 17, 17, 17, 0, 21, 21, 20, 24, 24, 20, 27, 26]+无限28
        [PPS] 0,1,1,1,0,5,5,5,0,9,9,9,0,13,13,13,0,17,17,17,0,21,21,20,24,24,20,27,26,29,26,31  std=True  |→ 前缀[0, 1, 1, 1, 0, 5, 5, 5, 0, 9, 9, 9, 0, 13, 13, 13, 0, 17, 17, 17, 0, 21, 21, 20, 24, 24, 20, 27, 26, 29, 26]+无限30
        [PPS] 0,1,1,1,0,5,5,5,0,9,9,9,0,13,13,13,0,17,17,17,0,21,21,20,24,24,20,27,26,29,26,31,26,33  std=True  |→ 前缀[0, 1, 1, 1, 0, 5, 5, 5, 0, 9, 9, 9, 0, 13, 13, 13, 0, 17, 17, 17, 0, 21, 21, 20, 24, 24, 20, 27, 26, 29, 26, 31, 26]+无限32
        [PPS] 0,1,1,1,0,5,5,5,0,9,9,9,0,13,13,13,0,17,17,17,0,21,21,20,24,24,20,27,26,29,26,31,26,33,26,35  std=True  |→ 前缀[0, 1, 1, 1, 0, 5, 5, 5, 0, 9, 9, 9, 0, 13, 13, 13, 0, 17, 17, 17, 0, 21, 21, 20, 24, 24, 20, 27, 26, 29, 26, 31, 26, 33, 26]+无限34
        [PPS] 0,1,1,1,0,5,5,5,0,9,9,9,0,13,13,13,0,17,17,17,0,21,21,20,24,24,20,27,26,29,26,31,26,33,26,35,26,37  std=True  |→ 前缀[0, 1, 1, 1, 0, 5, 5, 5, 0, 9, 9, 9, 0, 13, 13, 13, 0, 17, 17, 17, 0, 21, 21, 20, 24, 24, 20, 27, 26, 29, 26, 31, 26, 33, 26, 35, 26]+无限36
      [PPS] 0,1,1,1,0,5,5,5,0,9,9,9,0,13,13,13,0,17,17,17,0,21,21,20,24,24,20,27,27,20,30,30  std=True  |→ 0,1,1,1,0,5,5,5,0,9,9,9,0,13,13...
        [PPS] 0,1,1,1,0,5,5,5,0,9,9,9,0,13,13,13,0,17,17,17,0,21,21,20,24,24,20,27,27,20,30,29,32  std=True  |→ 前缀[0, 1, 1, 1, 0, 5, 5, 5, 0, 9, 9, 9, 0, 13, 13, 13, 0, 17, 17, 17, 0, 21, 21, 20, 24, 24, 20, 27, 27, 20, 30, 29]+无限31
        [PPS] 0,1,1,1,0,5,5,5,0,9,9,9,0,13,13,13,0,17,17,17,0,21,21,20,24,24,20,27,27,20,30,29,32,29,34  std=True  |→ 前缀[0, 1, 1, 1, 0, 5, 5, 5, 0, 9, 9, 9, 0, 13, 13, 13, 0, 17, 17, 17, 0, 21, 21, 20, 24, 24, 20, 27, 27, 20, 30, 29, 32, 29]+无限33
        [PPS] 0,1,1,1,0,5,5,5,0,9,9,9,0,13,13,13,0,17,17,17,0,21,21,20,24,24,20,27,27,20,30,29,32,29,34,29,36  std=True  |→ 前缀[0, 1, 1, 1, 0, 5, 5, 5, 0, 9, 9, 9, 0, 13, 13, 13, 0, 17, 17, 17, 0, 21, 21, 20, 24, 24, 20, 27, 27, 20, 30, 29, 32, 29, 34, 29]+无限35
        [PPS] 0,1,1,1,0,5,5,5,0,9,9,9,0,13,13,13,0,17,17,17,0,21,21,20,24,24,20,27,27,20,30,29,32,29,34,29,36,29,38  std=True  |→ 前缀[0, 1, 1, 1, 0, 5, 5, 5, 0, 9, 9, 9, 0, 13, 13, 13, 0, 17, 17, 17, 0, 21, 21, 20, 24, 24, 20, 27, 27, 20, 30, 29, 32, 29, 34, 29, 36, 29]+无限37
        [PPS] 0,1,1,1,0,5,5,5,0,9,9,9,0,13,13,13,0,17,17,17,0,21,21,20,24,24,20,27,27,20,30,29,32,29,34,29,36,29,38,29,40  std=True  |→ 前缀[0, 1, 1, 1, 0, 5, 5, 5, 0, 9, 9, 9, 0, 13, 13, 13, 0, 17, 17, 17, 0, 21, 21, 20, 24, 24, 20, 27, 27, 20, 30, 29, 32, 29, 34, 29, 36, 29, 38, 29]+无限39
      [PPS] 0,1,1,1,0,5,5,5,0,9,9,9,0,13,13,13,0,17,17,17,0,21,21,20,24,24,20,27,27,20,30,30,20,33,33  std=True  |→ 0,1,1,1,0,5,5,5,0,9,9,9,0,13,13...
        [PPS] 0,1,1,1,0,5,5,5,0,9,9,9,0,13,13,13,0,17,17,17,0,21,21,20,24,24,20,27,27,20,30,30,20,33,32,35  std=True  |→ 前缀[0, 1, 1, 1, 0, 5, 5, 5, 0, 9, 9, 9, 0, 13, 13, 13, 0, 17, 17, 17, 0, 21, 21, 20, 24, 24, 20, 27, 27, 20, 30, 30, 20, 33, 32]+无限34
        [PPS] 0,1,1,1,0,5,5,5,0,9,9,9,0,13,13,13,0,17,17,17,0,21,21,20,24,24,20,27,27,20,30,30,20,33,32,35,32,37  std=True  |→ 前缀[0, 1, 1, 1, 0, 5, 5, 5, 0, 9, 9, 9, 0, 13, 13, 13, 0, 17, 17, 17, 0, 21, 21, 20, 24, 24, 20, 27, 27, 20, 30, 30, 20, 33, 32, 35, 32]+无限36
        [PPS] 0,1,1,1,0,5,5,5,0,9,9,9,0,13,13,13,0,17,17,17,0,21,21,20,24,24,20,27,27,20,30,30,20,33,32,35,32,37,32,39  std=True  |→ 前缀[0, 1, 1, 1, 0, 5, 5, 5, 0, 9, 9, 9, 0, 13, 13, 13, 0, 17, 17, 17, 0, 21, 21, 20, 24, 24, 20, 27, 27, 20, 30, 30, 20, 33, 32, 35, 32, 37, 32]+无限38
        [PPS] 0,1,1,1,0,5,5,5,0,9,9,9,0,13,13,13,0,17,17,17,0,21,21,20,24,24,20,27,27,20,30,30,20,33,32,35,32,37,32,39,32,41  std=True  |→ 前缀[0, 1, 1, 1, 0, 5, 5, 5, 0, 9, 9, 9, 0, 13, 13, 13, 0, 17, 17, 17, 0, 21, 21, 20, 24, 24, 20, 27, 27, 20, 30, 30, 20, 33, 32, 35, 32, 37, 32, 39, 32]+无限40
        [PPS] 0,1,1,1,0,5,5,5,0,9,9,9,0,13,13,13,0,17,17,17,0,21,21,20,24,24,20,27,27,20,30,30,20,33,32,35,32,37,32,39,32,41,32,43  std=True  |→ 前缀[0, 1, 1, 1, 0, 5, 5, 5, 0, 9, 9, 9, 0, 13, 13, 13, 0, 17, 17, 17, 0, 21, 21, 20, 24, 24, 20, 27, 27, 20, 30, 30, 20, 33, 32, 35, 32, 37, 32, 39, 32, 41, 32]+无限42
      [PPS] 0,1,1,1,0,5,5,5,0,9,9,9,0,13,13,13,0,17,17,17,0,21,21,20,24,24,20,27,27,20,30,30,20,33,33,20,36,36  std=True  |→ 0,1,1,1,0,5,5,5,0,9,9,9,0,13,13...
        [PPS] 0,1,1,1,0,5,5,5,0,9,9,9,0,13,13,13,0,17,17,17,0,21,21,20,24,24,20,27,27,20,30,30,20,33,33,20,36,35,38  std=True  |→ 前缀[0, 1, 1, 1, 0, 5, 5, 5, 0, 9, 9, 9, 0, 13, 13, 13, 0, 17, 17, 17, 0, 21, 21, 20, 24, 24, 20, 27, 27, 20, 30, 30, 20, 33, 33, 20, 36, 35]+无限37
        [PPS] 0,1,1,1,0,5,5,5,0,9,9,9,0,13,13,13,0,17,17,17,0,21,21,20,24,24,20,27,27,20,30,30,20,33,33,20,36,35,38,35,40  std=True  |→ 前缀[0, 1, 1, 1, 0, 5, 5, 5, 0, 9, 9, 9, 0, 13, 13, 13, 0, 17, 17, 17, 0, 21, 21, 20, 24, 24, 20, 27, 27, 20, 30, 30, 20, 33, 33, 20, 36, 35, 38, 35]+无限39
        [PPS] 0,1,1,1,0,5,5,5,0,9,9,9,0,13,13,13,0,17,17,17,0,21,21,20,24,24,20,27,27,20,30,30,20,33,33,20,36,35,38,35,40,35,42  std=True  |→ 前缀[0, 1, 1, 1, 0, 5, 5, 5, 0, 9, 9, 9, 0, 13, 13, 13, 0, 17, 17, 17, 0, 21, 21, 20, 24, 24, 20, 27, 27, 20, 30, 30, 20, 33, 33, 20, 36, 35, 38, 35, 40, 35]+无限41
        [PPS] 0,1,1,1,0,5,5,5,0,9,9,9,0,13,13,13,0,17,17,17,0,21,21,20,24,24,20,27,27,20,30,30,20,33,33,20,36,35,38,35,40,35,42,35,44  std=True  |→ 前缀[0, 1, 1, 1, 0, 5, 5, 5, 0, 9, 9, 9, 0, 13, 13, 13, 0, 17, 17, 17, 0, 21, 21, 20, 24, 24, 20, 27, 27, 20, 30, 30, 20, 33, 33, 20, 36, 35, 38, 35, 40, 35, 42, 35]+无限43
        [PPS] 0,1,1,1,0,5,5,5,0,9,9,9,0,13,13,13,0,17,17,17,0,21,21,20,24,24,20,27,27,20,30,30,20,33,33,20,36,35,38,35,40,35,42,35,44,35,46  std=True  |→ 前缀[0, 1, 1, 1, 0, 5, 5, 5, 0, 9, 9, 9, 0, 13, 13, 13, 0, 17, 17, 17, 0, 21, 21, 20, 24, 24, 20, 27, 27, 20, 30, 30, 20, 33, 33, 20, 36, 35, 38, 35, 40, 35, 42, 35, 44, 35]+无限45

## 种子: pps 0,1,2,3
[PPS] 0,1,2,3  std=True  |→ 前缀[0, 1]+无限2
  [PPS] 0,1  std=True  |→ 前缀[]+无限0
    [PPS] 0  std=True  |→ 空
    [PPS] 0,0  std=True  |→ 前缀[]+无限0
      [PPS] 0,0,0  std=True  |→ 前缀[]+无限0
        [PPS] 0,0,0,0  std=True  |→ 前缀[]+无限0
  [PPS] 0,1,2  std=True  |→ 前缀[0]+无限1
    [PPS] 0,1,1  std=True  |→ 0,1,0,3,0,5,0,7,0,9,0,11
      [PPS] 0,1,0,3  std=True  |→ 前缀[0, 1, 0]+无限2
        [PPS] 0,1,0  std=True  |→ 0,1
        [PPS] 0,1,0,2  std=True  |→ 0,1,0,1,0,1,0,1,0,1,0,1,0
        [PPS] 0,1,0,2,2  std=True  |→ 0,1,0,2,1,0,5,1,0,8,1,0,11,1,0...
        [PPS] 0,1,0,2,2,2  std=True  |→ 0,1,0,2,2,1,0,6,6,1,0,10,10,1,0...
        [PPS] 0,1,0,2,2,2,2  std=True  |→ 0,1,0,2,2,2,1,0,7,7,7,1,0,12,12...
      [PPS] 0,1,0,3,0,5  std=True  |→ 前缀[0, 1, 0, 3, 0]+无限4
        [PPS] 0,1,0,3,0  std=True  |→ 0,1,0,3
        [PPS] 0,1,0,3,0,4  std=True  |→ 0,1,0,3,0,3,0,3,0,3,0,3,0,3,0
        [PPS] 0,1,0,3,0,4,4  std=True  |→ 0,1,0,3,0,4,3,0,7,3,0,10,3,0,13...
        [PPS] 0,1,0,3,0,4,4,4  std=True  |→ 0,1,0,3,0,4,4,3,0,8,8,3,0,12,12...
        [PPS] 0,1,0,3,0,4,4,4,4  std=True  |→ 0,1,0,3,0,4,4,4,3,0,9,9,9,3,0...
      [PPS] 0,1,0,3,0,5,0,7  std=True  |→ 前缀[0, 1, 0, 3, 0, 5, 0]+无限6
        [PPS] 0,1,0,3,0,5,0  std=True  |→ 0,1,0,3,0,5
        [PPS] 0,1,0,3,0,5,0,6  std=True  |→ 0,1,0,3,0,5,0,5,0,5,0,5,0,5,0...
        [PPS] 0,1,0,3,0,5,0,6,6  std=True  |→ 0,1,0,3,0,5,0,6,5,0,9,5,0,12,5...
        [PPS] 0,1,0,3,0,5,0,6,6,6  std=True  |→ 0,1,0,3,0,5,0,6,6,5,0,10,10,5,0...
        [PPS] 0,1,0,3,0,5,0,6,6,6,6  std=True  |→ 0,1,0,3,0,5,0,6,6,6,5,0,11,11,11...
      [PPS] 0,1,0,3,0,5,0,7,0,9  std=True  |→ 前缀[0, 1, 0, 3, 0, 5, 0, 7, 0]+无限8
        [PPS] 0,1,0,3,0,5,0,7,0  std=True  |→ 0,1,0,3,0,5,0,7
        [PPS] 0,1,0,3,0,5,0,7,0,8  std=True  |→ 0,1,0,3,0,5,0,7,0,7,0,7,0,7,0...
        [PPS] 0,1,0,3,0,5,0,7,0,8,8  std=True  |→ 0,1,0,3,0,5,0,7,0,8,7,0,11,7,0...
        [PPS] 0,1,0,3,0,5,0,7,0,8,8,8  std=True  |→ 0,1,0,3,0,5,0,7,0,8,8,7,0,12,12...
        [PPS] 0,1,0,3,0,5,0,7,0,8,8,8,8  std=True  |→ 0,1,0,3,0,5,0,7,0,8,8,8,7,0,13...
      [PPS] 0,1,0,3,0,5,0,7,0,9,0,11  std=True  |→ 前缀[0, 1, 0, 3, 0, 5, 0, 7, 0, 9, 0]+无限10
        [PPS] 0,1,0,3,0,5,0,7,0,9,0  std=True  |→ 0,1,0,3,0,5,0,7,0,9
        [PPS] 0,1,0,3,0,5,0,7,0,9,0,10  std=True  |→ 0,1,0,3,0,5,0,7,0,9,0,9,0,9,0...
        [PPS] 0,1,0,3,0,5,0,7,0,9,0,10,10  std=True  |→ 0,1,0,3,0,5,0,7,0,9,0,10,9,0,13...
        [PPS] 0,1,0,3,0,5,0,7,0,9,0,10,10,10  std=True  |→ 0,1,0,3,0,5,0,7,0,9,0,10,10,9,0...
        [PPS] 0,1,0,3,0,5,0,7,0,9,0,10,10,10,10  std=True  |→ 0,1,0,3,0,5,0,7,0,9,0,10,10,10,9...
    [PPS] 0,1,1,1  std=True  |→ 0,1,1,0,4,4,0,7,7,0,10,10,0,13,13...
      [PPS] 0,1,1,0,4,4  std=True  |→ 0,1,1,0,4,3,6,3,8,3,10,3,12,3,14
        [PPS] 0,1,1,0,4,3,6  std=True  |→ 前缀[0, 1, 1, 0, 4, 3]+无限5
        [PPS] 0,1,1,0,4,3,6,3,8  std=True  |→ 前缀[0, 1, 1, 0, 4, 3, 6, 3]+无限7
        [PPS] 0,1,1,0,4,3,6,3,8,3,10  std=True  |→ 前缀[0, 1, 1, 0, 4, 3, 6, 3, 8, 3]+无限9
        [PPS] 0,1,1,0,4,3,6,3,8,3,10,3,12  std=True  |→ 前缀[0, 1, 1, 0, 4, 3, 6, 3, 8, 3, 10, 3]+无限11
        [PPS] 0,1,1,0,4,3,6,3,8,3,10,3,12,3,14  std=True  |→ 前缀[0, 1, 1, 0, 4, 3, 6, 3, 8, 3, 10, 3, 12, 3]+无限13
      [PPS] 0,1,1,0,4,4,0,7,7  std=True  |→ 0,1,1,0,4,4,0,7,6,9,6,11,6,13,6...
        [PPS] 0,1,1,0,4,4,0,7,6,9  std=True  |→ 前缀[0, 1, 1, 0, 4, 4, 0, 7, 6]+无限8
        [PPS] 0,1,1,0,4,4,0,7,6,9,6,11  std=True  |→ 前缀[0, 1, 1, 0, 4, 4, 0, 7, 6, 9, 6]+无限10
        [PPS] 0,1,1,0,4,4,0,7,6,9,6,11,6,13  std=True  |→ 前缀[0, 1, 1, 0, 4, 4, 0, 7, 6, 9, 6, 11, 6]+无限12
        [PPS] 0,1,1,0,4,4,0,7,6,9,6,11,6,13,6,15  std=True  |→ 前缀[0, 1, 1, 0, 4, 4, 0, 7, 6, 9, 6, 11, 6, 13, 6]+无限14
        [PPS] 0,1,1,0,4,4,0,7,6,9,6,11,6,13,6,15,6,17  std=True  |→ 前缀[0, 1, 1, 0, 4, 4, 0, 7, 6, 9, 6, 11, 6, 13, 6, 15, 6]+无限16
      [PPS] 0,1,1,0,4,4,0,7,7,0,10,10  std=True  |→ 0,1,1,0,4,4,0,7,7,0,10,9,12,9,14...
        [PPS] 0,1,1,0,4,4,0,7,7,0,10,9,12  std=True  |→ 前缀[0, 1, 1, 0, 4, 4, 0, 7, 7, 0, 10, 9]+无限11
        [PPS] 0,1,1,0,4,4,0,7,7,0,10,9,12,9,14  std=True  |→ 前缀[0, 1, 1, 0, 4, 4, 0, 7, 7, 0, 10, 9, 12, 9]+无限13
        [PPS] 0,1,1,0,4,4,0,7,7,0,10,9,12,9,14,9,16  std=True  |→ 前缀[0, 1, 1, 0, 4, 4, 0, 7, 7, 0, 10, 9, 12, 9, 14, 9]+无限15
        [PPS] 0,1,1,0,4,4,0,7,7,0,10,9,12,9,14,9,16,9,18  std=True  |→ 前缀[0, 1, 1, 0, 4, 4, 0, 7, 7, 0, 10, 9, 12, 9, 14, 9, 16, 9]+无限17
        [PPS] 0,1,1,0,4,4,0,7,7,0,10,9,12,9,14,9,16,9,18,9,20  std=True  |→ 前缀[0, 1, 1, 0, 4, 4, 0, 7, 7, 0, 10, 9, 12, 9, 14, 9, 16, 9, 18, 9]+无限19
      [PPS] 0,1,1,0,4,4,0,7,7,0,10,10,0,13,13  std=True  |→ 0,1,1,0,4,4,0,7,7,0,10,10,0,13,12...
        [PPS] 0,1,1,0,4,4,0,7,7,0,10,10,0,13,12,15  std=True  |→ 前缀[0, 1, 1, 0, 4, 4, 0, 7, 7, 0, 10, 10, 0, 13, 12]+无限14
        [PPS] 0,1,1,0,4,4,0,7,7,0,10,10,0,13,12,15,12,17  std=True  |→ 前缀[0, 1, 1, 0, 4, 4, 0, 7, 7, 0, 10, 10, 0, 13, 12, 15, 12]+无限16
        [PPS] 0,1,1,0,4,4,0,7,7,0,10,10,0,13,12,15,12,17,12,19  std=True  |→ 前缀[0, 1, 1, 0, 4, 4, 0, 7, 7, 0, 10, 10, 0, 13, 12, 15, 12, 17, 12]+无限18
        [PPS] 0,1,1,0,4,4,0,7,7,0,10,10,0,13,12,15,12,17,12,19,12,21  std=True  |→ 前缀[0, 1, 1, 0, 4, 4, 0, 7, 7, 0, 10, 10, 0, 13, 12, 15, 12, 17, 12, 19, 12]+无限20
        [PPS] 0,1,1,0,4,4,0,7,7,0,10,10,0,13,12,15,12,17,12,19,12,21,12,23  std=True  |→ 前缀[0, 1, 1, 0, 4, 4, 0, 7, 7, 0, 10, 10, 0, 13, 12, 15, 12, 17, 12, 19, 12, 21, 12]+无限22
      [PPS] 0,1,1,0,4,4,0,7,7,0,10,10,0,13,13,0,16,16  std=True  |→ 0,1,1,0,4,4,0,7,7,0,10,10,0,13,13...
        [PPS] 0,1,1,0,4,4,0,7,7,0,10,10,0,13,13,0,16,15,18  std=True  |→ 前缀[0, 1, 1, 0, 4, 4, 0, 7, 7, 0, 10, 10, 0, 13, 13, 0, 16, 15]+无限17
        [PPS] 0,1,1,0,4,4,0,7,7,0,10,10,0,13,13,0,16,15,18,15,20  std=True  |→ 前缀[0, 1, 1, 0, 4, 4, 0, 7, 7, 0, 10, 10, 0, 13, 13, 0, 16, 15, 18, 15]+无限19
        [PPS] 0,1,1,0,4,4,0,7,7,0,10,10,0,13,13,0,16,15,18,15,20,15,22  std=True  |→ 前缀[0, 1, 1, 0, 4, 4, 0, 7, 7, 0, 10, 10, 0, 13, 13, 0, 16, 15, 18, 15, 20, 15]+无限21
        [PPS] 0,1,1,0,4,4,0,7,7,0,10,10,0,13,13,0,16,15,18,15,20,15,22,15,24  std=True  |→ 前缀[0, 1, 1, 0, 4, 4, 0, 7, 7, 0, 10, 10, 0, 13, 13, 0, 16, 15, 18, 15, 20, 15, 22, 15]+无限23
        [PPS] 0,1,1,0,4,4,0,7,7,0,10,10,0,13,13,0,16,15,18,15,20,15,22,15,24,15,26  std=True  |→ 前缀[0, 1, 1, 0, 4, 4, 0, 7, 7, 0, 10, 10, 0, 13, 13, 0, 16, 15, 18, 15, 20, 15, 22, 15, 24, 15]+无限25
    [PPS] 0,1,1,1,1  std=True  |→ 0,1,1,1,0,5,5,5,0,9,9,9,0,13,13...
      [PPS] 0,1,1,1,0,5,5,5  std=True  |→ 0,1,1,1,0,5,5,4,8,8,4,11,11,4,14...
        [PPS] 0,1,1,1,0,5,5,4,8,8  std=True  |→ 0,1,1,1,0,5,5,4,8,7,10,7,12,7,14...
        [PPS] 0,1,1,1,0,5,5,4,8,8,4,11,11  std=True  |→ 0,1,1,1,0,5,5,4,8,8,4,11,10,13,10...
        [PPS] 0,1,1,1,0,5,5,4,8,8,4,11,11,4,14,14  std=True  |→ 0,1,1,1,0,5,5,4,8,8,4,11,11,4,14...
        [PPS] 0,1,1,1,0,5,5,4,8,8,4,11,11,4,14,14,4,17,17  std=True  |→ 0,1,1,1,0,5,5,4,8,8,4,11,11,4,14...
        [PPS] 0,1,1,1,0,5,5,4,8,8,4,11,11,4,14,14,4,17,17,4,20,20  std=True  |→ 0,1,1,1,0,5,5,4,8,8,4,11,11,4,14...
      [PPS] 0,1,1,1,0,5,5,5,0,9,9,9  std=True  |→ 0,1,1,1,0,5,5,5,0,9,9,8,12,12,8...
        [PPS] 0,1,1,1,0,5,5,5,0,9,9,8,12,12  std=True  |→ 0,1,1,1,0,5,5,5,0,9,9,8,12,11,14...
        [PPS] 0,1,1,1,0,5,5,5,0,9,9,8,12,12,8,15,15  std=True  |→ 0,1,1,1,0,5,5,5,0,9,9,8,12,12,8...
        [PPS] 0,1,1,1,0,5,5,5,0,9,9,8,12,12,8,15,15,8,18,18  std=True  |→ 0,1,1,1,0,5,5,5,0,9,9,8,12,12,8...
        [PPS] 0,1,1,1,0,5,5,5,0,9,9,8,12,12,8,15,15,8,18,18,8,21,21  std=True  |→ 0,1,1,1,0,5,5,5,0,9,9,8,12,12,8...
        [PPS] 0,1,1,1,0,5,5,5,0,9,9,8,12,12,8,15,15,8,18,18,8,21,21,8,24,24  std=True  |→ 0,1,1,1,0,5,5,5,0,9,9,8,12,12,8...
      [PPS] 0,1,1,1,0,5,5,5,0,9,9,9,0,13,13,13  std=True  |→ 0,1,1,1,0,5,5,5,0,9,9,9,0,13,13...
        [PPS] 0,1,1,1,0,5,5,5,0,9,9,9,0,13,13,12,16,16  std=True  |→ 0,1,1,1,0,5,5,5,0,9,9,9,0,13,13...
        [PPS] 0,1,1,1,0,5,5,5,0,9,9,9,0,13,13,12,16,16,12,19,19  std=True  |→ 0,1,1,1,0,5,5,5,0,9,9,9,0,13,13...
        [PPS] 0,1,1,1,0,5,5,5,0,9,9,9,0,13,13,12,16,16,12,19,19,12,22,22  std=True  |→ 0,1,1,1,0,5,5,5,0,9,9,9,0,13,13...
        [PPS] 0,1,1,1,0,5,5,5,0,9,9,9,0,13,13,12,16,16,12,19,19,12,22,22,12,25,25  std=True  |→ 0,1,1,1,0,5,5,5,0,9,9,9,0,13,13...
        [PPS] 0,1,1,1,0,5,5,5,0,9,9,9,0,13,13,12,16,16,12,19,19,12,22,22,12,25,25,12,28,28  std=True  |→ 0,1,1,1,0,5,5,5,0,9,9,9,0,13,13...
      [PPS] 0,1,1,1,0,5,5,5,0,9,9,9,0,13,13,13,0,17,17,17  std=True  |→ 0,1,1,1,0,5,5,5,0,9,9,9,0,13,13...
        [PPS] 0,1,1,1,0,5,5,5,0,9,9,9,0,13,13,13,0,17,17,16,20,20  std=True  |→ 0,1,1,1,0,5,5,5,0,9,9,9,0,13,13...
        [PPS] 0,1,1,1,0,5,5,5,0,9,9,9,0,13,13,13,0,17,17,16,20,20,16,23,23  std=True  |→ 0,1,1,1,0,5,5,5,0,9,9,9,0,13,13...
        [PPS] 0,1,1,1,0,5,5,5,0,9,9,9,0,13,13,13,0,17,17,16,20,20,16,23,23,16,26,26  std=True  |→ 0,1,1,1,0,5,5,5,0,9,9,9,0,13,13...
        [PPS] 0,1,1,1,0,5,5,5,0,9,9,9,0,13,13,13,0,17,17,16,20,20,16,23,23,16,26,26,16,29,29  std=True  |→ 0,1,1,1,0,5,5,5,0,9,9,9,0,13,13...
        [PPS] 0,1,1,1,0,5,5,5,0,9,9,9,0,13,13,13,0,17,17,16,20,20,16,23,23,16,26,26,16,29,29,16,32,32  std=True  |→ 0,1,1,1,0,5,5,5,0,9,9,9,0,13,13...
      [PPS] 0,1,1,1,0,5,5,5,0,9,9,9,0,13,13,13,0,17,17,17,0,21,21,21  std=True  |→ 0,1,1,1,0,5,5,5,0,9,9,9,0,13,13...
        [PPS] 0,1,1,1,0,5,5,5,0,9,9,9,0,13,13,13,0,17,17,17,0,21,21,20,24,24  std=True  |→ 0,1,1,1,0,5,5,5,0,9,9,9,0,13,13...
        [PPS] 0,1,1,1,0,5,5,5,0,9,9,9,0,13,13,13,0,17,17,17,0,21,21,20,24,24,20,27,27  std=True  |→ 0,1,1,1,0,5,5,5,0,9,9,9,0,13,13...
        [PPS] 0,1,1,1,0,5,5,5,0,9,9,9,0,13,13,13,0,17,17,17,0,21,21,20,24,24,20,27,27,20,30,30  std=True  |→ 0,1,1,1,0,5,5,5,0,9,9,9,0,13,13...
        [PPS] 0,1,1,1,0,5,5,5,0,9,9,9,0,13,13,13,0,17,17,17,0,21,21,20,24,24,20,27,27,20,30,30,20,33,33  std=True  |→ 0,1,1,1,0,5,5,5,0,9,9,9,0,13,13...
        [PPS] 0,1,1,1,0,5,5,5,0,9,9,9,0,13,13,13,0,17,17,17,0,21,21,20,24,24,20,27,27,20,30,30,20,33,33,20,36,36  std=True  |→ 0,1,1,1,0,5,5,5,0,9,9,9,0,13,13...
  [PPS] 0,1,2,2  std=True  |→ 0,1,2,1,4,1,6,1,8,1,10,1,12
    [PPS] 0,1,2,1,4  std=True  |→ 前缀[0, 1, 2, 1]+无限3
      [PPS] 0,1,2,1  std=True  |→ 0,1,2,0,4,5,0,7,8,0,10,11,0,13,14...
        [PPS] 0,1,2,0,4,5  std=True  |→ 前缀[0, 1, 2, 0]+无限4
        [PPS] 0,1,2,0,4,5,0,7,8  std=True  |→ 前缀[0, 1, 2, 0, 4, 5, 0]+无限7
        [PPS] 0,1,2,0,4,5,0,7,8,0,10,11  std=True  |→ 前缀[0, 1, 2, 0, 4, 5, 0, 7, 8, 0]+无限10
        [PPS] 0,1,2,0,4,5,0,7,8,0,10,11,0,13,14  std=True  |→ 前缀[0, 1, 2, 0, 4, 5, 0, 7, 8, 0, 10, 11, 0]+无限13
        [PPS] 0,1,2,0,4,5,0,7,8,0,10,11,0,13,14,0,16,17  std=True  |→ 前缀[0, 1, 2, 0, 4, 5, 0, 7, 8, 0, 10, 11, 0, 13, 14, 0]+无限16
      [PPS] 0,1,2,1,3  std=True  |→ 0,1,2,1,2,1,2,1,2,1,2,1,2,1
        [PPS] 0,1,2,1,2,1  std=True  |→ 0,1,2,1,2,0,6,7,6,7,0,11,12,11,12...
        [PPS] 0,1,2,1,2,1,2,1  std=True  |→ 0,1,2,1,2,1,2,0,8,9,8,9,8,9,0...
        [PPS] 0,1,2,1,2,1,2,1,2,1  std=True  |→ 0,1,2,1,2,1,2,1,2,0,10,11,10,11,10...
        [PPS] 0,1,2,1,2,1,2,1,2,1,2,1  std=True  |→ 0,1,2,1,2,1,2,1,2,1,2,0,12,13,12...
        [PPS] 0,1,2,1,2,1,2,1,2,1,2,1,2,1  std=True  |→ 0,1,2,1,2,1,2,1,2,1,2,1,2,0,14...
      [PPS] 0,1,2,1,3,3  std=True  |→ 0,1,2,1,3,2,1,6,2,1,9,2,1,12,2...
        [PPS] 0,1,2,1,3,2,1,6  std=True  |→ 0,1,2,1,3,2,1,5,1,5,1,5,1,5,1...
        [PPS] 0,1,2,1,3,2,1,6,2,1,9  std=True  |→ 0,1,2,1,3,2,1,6,2,1,8,1,8,1,8...
        [PPS] 0,1,2,1,3,2,1,6,2,1,9,2,1,12  std=True  |→ 0,1,2,1,3,2,1,6,2,1,9,2,1,11,1...
        [PPS] 0,1,2,1,3,2,1,6,2,1,9,2,1,12,2,1,15  std=True  |→ 0,1,2,1,3,2,1,6,2,1,9,2,1,12,2...
        [PPS] 0,1,2,1,3,2,1,6,2,1,9,2,1,12,2,1,15,2,1,18  std=True  |→ 0,1,2,1,3,2,1,6,2,1,9,2,1,12,2...
      [PPS] 0,1,2,1,3,3,3  std=True  |→ 0,1,2,1,3,3,2,1,7,7,2,1,11,11,2...
        [PPS] 0,1,2,1,3,3,2,1,7,7  std=True  |→ 0,1,2,1,3,3,2,1,7,6,1,10,6,1,13...
        [PPS] 0,1,2,1,3,3,2,1,7,7,2,1,11,11  std=True  |→ 0,1,2,1,3,3,2,1,7,7,2,1,11,10,1...
        [PPS] 0,1,2,1,3,3,2,1,7,7,2,1,11,11,2,1,15,15  std=True  |→ 0,1,2,1,3,3,2,1,7,7,2,1,11,11,2...
        [PPS] 0,1,2,1,3,3,2,1,7,7,2,1,11,11,2,1,15,15,2,1,19,19  std=True  |→ 0,1,2,1,3,3,2,1,7,7,2,1,11,11,2...
        [PPS] 0,1,2,1,3,3,2,1,7,7,2,1,11,11,2,1,15,15,2,1,19,19,2,1,23,23  std=True  |→ 0,1,2,1,3,3,2,1,7,7,2,1,11,11,2...
      [PPS] 0,1,2,1,3,3,3,3  std=True  |→ 0,1,2,1,3,3,3,2,1,8,8,8,2,1,13...
        [PPS] 0,1,2,1,3,3,3,2,1,8,8,8  std=True  |→ 0,1,2,1,3,3,3,2,1,8,8,7,1,12,12...
        [PPS] 0,1,2,1,3,3,3,2,1,8,8,8,2,1,13,13,13  std=True  |→ 0,1,2,1,3,3,3,2,1,8,8,8,2,1,13...
        [PPS] 0,1,2,1,3,3,3,2,1,8,8,8,2,1,13,13,13,2,1,18,18,18  std=True  |→ 0,1,2,1,3,3,3,2,1,8,8,8,2,1,13...
        [PPS] 0,1,2,1,3,3,3,2,1,8,8,8,2,1,13,13,13,2,1,18,18,18,2,1,23,23,23  std=True  |→ 0,1,2,1,3,3,3,2,1,8,8,8,2,1,13...
        [PPS] 0,1,2,1,3,3,3,2,1,8,8,8,2,1,13,13,13,2,1,18,18,18,2,1,23,23,23,2,1,28,28,28  std=True  |→ 0,1,2,1,3,3,3,2,1,8,8,8,2,1,13...
    [PPS] 0,1,2,1,4,1,6  std=True  |→ 前缀[0, 1, 2, 1, 4, 1]+无限5
      [PPS] 0,1,2,1,4,1  std=True  |→ 0,1,2,1,4,0,6,7,6,9,0,11,12,11,14...
        [PPS] 0,1,2,1,4,0,6,7,6,9  std=True  |→ 前缀[0, 1, 2, 1, 4, 0, 6, 7, 6]+无限8
        [PPS] 0,1,2,1,4,0,6,7,6,9,0,11,12,11,14  std=True  |→ 前缀[0, 1, 2, 1, 4, 0, 6, 7, 6, 9, 0, 11, 12, 11]+无限13
        [PPS] 0,1,2,1,4,0,6,7,6,9,0,11,12,11,14,0,16,17,16,19  std=True  |→ 前缀[0, 1, 2, 1, 4, 0, 6, 7, 6, 9, 0, 11, 12, 11, 14, 0, 16, 17, 16]+无限18
        [PPS] 0,1,2,1,4,0,6,7,6,9,0,11,12,11,14,0,16,17,16,19,0,21,22,21,24  std=True  |→ 前缀[0, 1, 2, 1, 4, 0, 6, 7, 6, 9, 0, 11, 12, 11, 14, 0, 16, 17, 16, 19, 0, 21, 22, 21]+无限23
        [PPS] 0,1,2,1,4,0,6,7,6,9,0,11,12,11,14,0,16,17,16,19,0,21,22,21,24,0,26,27,26,29  std=True  |→ 前缀[0, 1, 2, 1, 4, 0, 6, 7, 6, 9, 0, 11, 12, 11, 14, 0, 16, 17, 16, 19, 0, 21, 22, 21, 24, 0, 26, 27, 26]+无限28
      [PPS] 0,1,2,1,4,1,5  std=True  |→ 0,1,2,1,4,1,4,1,4,1,4,1,4,1,4...
        [PPS] 0,1,2,1,4,1,4,1  std=True  |→ 0,1,2,1,4,1,4,0,8,9,8,11,8,11,0...
        [PPS] 0,1,2,1,4,1,4,1,4,1  std=True  |→ 0,1,2,1,4,1,4,1,4,0,10,11,10,13,10...
        [PPS] 0,1,2,1,4,1,4,1,4,1,4,1  std=True  |→ 0,1,2,1,4,1,4,1,4,1,4,0,12,13,12...
        [PPS] 0,1,2,1,4,1,4,1,4,1,4,1,4,1  std=True  |→ 0,1,2,1,4,1,4,1,4,1,4,1,4,0,14...
        [PPS] 0,1,2,1,4,1,4,1,4,1,4,1,4,1,4,1  std=True  |→ 0,1,2,1,4,1,4,1,4,1,4,1,4,1,4...
      [PPS] 0,1,2,1,4,1,5,5  std=True  |→ 0,1,2,1,4,1,5,4,1,8,4,1,11,4,1...
        [PPS] 0,1,2,1,4,1,5,4,1,8  std=True  |→ 0,1,2,1,4,1,5,4,1,7,1,7,1,7,1...
        [PPS] 0,1,2,1,4,1,5,4,1,8,4,1,11  std=True  |→ 0,1,2,1,4,1,5,4,1,8,4,1,10,1,10...
        [PPS] 0,1,2,1,4,1,5,4,1,8,4,1,11,4,1,14  std=True  |→ 0,1,2,1,4,1,5,4,1,8,4,1,11,4,1...
        [PPS] 0,1,2,1,4,1,5,4,1,8,4,1,11,4,1,14,4,1,17  std=True  |→ 0,1,2,1,4,1,5,4,1,8,4,1,11,4,1...
        [PPS] 0,1,2,1,4,1,5,4,1,8,4,1,11,4,1,14,4,1,17,4,1,20  std=True  |→ 0,1,2,1,4,1,5,4,1,8,4,1,11,4,1...
      [PPS] 0,1,2,1,4,1,5,5,5  std=True  |→ 0,1,2,1,4,1,5,5,4,1,9,9,4,1,13...
        [PPS] 0,1,2,1,4,1,5,5,4,1,9,9  std=True  |→ 0,1,2,1,4,1,5,5,4,1,9,8,1,12,8...
        [PPS] 0,1,2,1,4,1,5,5,4,1,9,9,4,1,13,13  std=True  |→ 0,1,2,1,4,1,5,5,4,1,9,9,4,1,13...
        [PPS] 0,1,2,1,4,1,5,5,4,1,9,9,4,1,13,13,4,1,17,17  std=True  |→ 0,1,2,1,4,1,5,5,4,1,9,9,4,1,13...
        [PPS] 0,1,2,1,4,1,5,5,4,1,9,9,4,1,13,13,4,1,17,17,4,1,21,21  std=True  |→ 0,1,2,1,4,1,5,5,4,1,9,9,4,1,13...
        [PPS] 0,1,2,1,4,1,5,5,4,1,9,9,4,1,13,13,4,1,17,17,4,1,21,21,4,1,25,25  std=True  |→ 0,1,2,1,4,1,5,5,4,1,9,9,4,1,13...
      [PPS] 0,1,2,1,4,1,5,5,5,5  std=True  |→ 0,1,2,1,4,1,5,5,5,4,1,10,10,10,4...
        [PPS] 0,1,2,1,4,1,5,5,5,4,1,10,10,10  std=True  |→ 0,1,2,1,4,1,5,5,5,4,1,10,10,9,1...
        [PPS] 0,1,2,1,4,1,5,5,5,4,1,10,10,10,4,1,15,15,15  std=True  |→ 0,1,2,1,4,1,5,5,5,4,1,10,10,10,4...
        [PPS] 0,1,2,1,4,1,5,5,5,4,1,10,10,10,4,1,15,15,15,4,1,20,20,20  std=True  |→ 0,1,2,1,4,1,5,5,5,4,1,10,10,10,4...
        [PPS] 0,1,2,1,4,1,5,5,5,4,1,10,10,10,4,1,15,15,15,4,1,20,20,20,4,1,25,25,25  std=True  |→ 0,1,2,1,4,1,5,5,5,4,1,10,10,10,4...
        [PPS] 0,1,2,1,4,1,5,5,5,4,1,10,10,10,4,1,15,15,15,4,1,20,20,20,4,1,25,25,25,4,1,30,30,30  std=True  |→ 0,1,2,1,4,1,5,5,5,4,1,10,10,10,4...
    [PPS] 0,1,2,1,4,1,6,1,8  std=True  |→ 前缀[0, 1, 2, 1, 4, 1, 6, 1]+无限7
      [PPS] 0,1,2,1,4,1,6,1  std=True  |→ 0,1,2,1,4,1,6,0,8,9,8,11,8,13,0...
        [PPS] 0,1,2,1,4,1,6,0,8,9,8,11,8,13  std=True  |→ 前缀[0, 1, 2, 1, 4, 1, 6, 0, 8, 9, 8, 11, 8]+无限12
        [PPS] 0,1,2,1,4,1,6,0,8,9,8,11,8,13,0,15,16,15,18,15,20  std=True  |→ 前缀[0, 1, 2, 1, 4, 1, 6, 0, 8, 9, 8, 11, 8, 13, 0, 15, 16, 15, 18, 15]+无限19
        [PPS] 0,1,2,1,4,1,6,0,8,9,8,11,8,13,0,15,16,15,18,15,20,0,22,23,22,25,22,27  std=True  |→ 前缀[0, 1, 2, 1, 4, 1, 6, 0, 8, 9, 8, 11, 8, 13, 0, 15, 16, 15, 18, 15, 20, 0, 22, 23, 22, 25, 22]+无限26
        [PPS] 0,1,2,1,4,1,6,0,8,9,8,11,8,13,0,15,16,15,18,15,20,0,22,23,22,25,22,27,0,29,30,29,32,29,34  std=True  |→ 前缀[0, 1, 2, 1, 4, 1, 6, 0, 8, 9, 8, 11, 8, 13, 0, 15, 16, 15, 18, 15, 20, 0, 22, 23, 22, 25, 22, 27, 0, 29, 30, 29, 32, 29]+无限33
        [PPS] 0,1,2,1,4,1,6,0,8,9,8,11,8,13,0,15,16,15,18,15,20,0,22,23,22,25,22,27,0,29,30,29,32,29,34,0,36,37,36,39,36,41  std=True  |→ 前缀[0, 1, 2, 1, 4, 1, 6, 0, 8, 9, 8, 11, 8, 13, 0, 15, 16, 15, 18, 15, 20, 0, 22, 23, 22, 25, 22, 27, 0, 29, 30, 29, 32, 29, 34, 0, 36, 37, 36, 39, 36]+无限40
      [PPS] 0,1,2,1,4,1,6,1,7  std=True  |→ 0,1,2,1,4,1,6,1,6,1,6,1,6,1,6...
        [PPS] 0,1,2,1,4,1,6,1,6,1  std=True  |→ 0,1,2,1,4,1,6,1,6,0,10,11,10,13,10...
        [PPS] 0,1,2,1,4,1,6,1,6,1,6,1  std=True  |→ 0,1,2,1,4,1,6,1,6,1,6,0,12,13,12...
        [PPS] 0,1,2,1,4,1,6,1,6,1,6,1,6,1  std=True  |→ 0,1,2,1,4,1,6,1,6,1,6,1,6,0,14...
        [PPS] 0,1,2,1,4,1,6,1,6,1,6,1,6,1,6,1  std=True  |→ 0,1,2,1,4,1,6,1,6,1,6,1,6,1,6...
        [PPS] 0,1,2,1,4,1,6,1,6,1,6,1,6,1,6,1,6,1  std=True  |→ 0,1,2,1,4,1,6,1,6,1,6,1,6,1,6...
      [PPS] 0,1,2,1,4,1,6,1,7,7  std=True  |→ 0,1,2,1,4,1,6,1,7,6,1,10,6,1,13...
        [PPS] 0,1,2,1,4,1,6,1,7,6,1,10  std=True  |→ 0,1,2,1,4,1,6,1,7,6,1,9,1,9,1...
        [PPS] 0,1,2,1,4,1,6,1,7,6,1,10,6,1,13  std=True  |→ 0,1,2,1,4,1,6,1,7,6,1,10,6,1,12...
        [PPS] 0,1,2,1,4,1,6,1,7,6,1,10,6,1,13,6,1,16  std=True  |→ 0,1,2,1,4,1,6,1,7,6,1,10,6,1,13...
        [PPS] 0,1,2,1,4,1,6,1,7,6,1,10,6,1,13,6,1,16,6,1,19  std=True  |→ 0,1,2,1,4,1,6,1,7,6,1,10,6,1,13...
        [PPS] 0,1,2,1,4,1,6,1,7,6,1,10,6,1,13,6,1,16,6,1,19,6,1,22  std=True  |→ 0,1,2,1,4,1,6,1,7,6,1,10,6,1,13...
      [PPS] 0,1,2,1,4,1,6,1,7,7,7  std=True  |→ 0,1,2,1,4,1,6,1,7,7,6,1,11,11,6...
        [PPS] 0,1,2,1,4,1,6,1,7,7,6,1,11,11  std=True  |→ 0,1,2,1,4,1,6,1,7,7,6,1,11,10,1...
        [PPS] 0,1,2,1,4,1,6,1,7,7,6,1,11,11,6,1,15,15  std=True  |→ 0,1,2,1,4,1,6,1,7,7,6,1,11,11,6...
        [PPS] 0,1,2,1,4,1,6,1,7,7,6,1,11,11,6,1,15,15,6,1,19,19  std=True  |→ 0,1,2,1,4,1,6,1,7,7,6,1,11,11,6...
        [PPS] 0,1,2,1,4,1,6,1,7,7,6,1,11,11,6,1,15,15,6,1,19,19,6,1,23,23  std=True  |→ 0,1,2,1,4,1,6,1,7,7,6,1,11,11,6...
        [PPS] 0,1,2,1,4,1,6,1,7,7,6,1,11,11,6,1,15,15,6,1,19,19,6,1,23,23,6,1,27,27  std=True  |→ 0,1,2,1,4,1,6,1,7,7,6,1,11,11,6...
      [PPS] 0,1,2,1,4,1,6,1,7,7,7,7  std=True  |→ 0,1,2,1,4,1,6,1,7,7,7,6,1,12,12...
        [PPS] 0,1,2,1,4,1,6,1,7,7,7,6,1,12,12,12  std=True  |→ 0,1,2,1,4,1,6,1,7,7,7,6,1,12,12...
        [PPS] 0,1,2,1,4,1,6,1,7,7,7,6,1,12,12,12,6,1,17,17,17  std=True  |→ 0,1,2,1,4,1,6,1,7,7,7,6,1,12,12...
        [PPS] 0,1,2,1,4,1,6,1,7,7,7,6,1,12,12,12,6,1,17,17,17,6,1,22,22,22  std=True  |→ 0,1,2,1,4,1,6,1,7,7,7,6,1,12,12...
        [PPS] 0,1,2,1,4,1,6,1,7,7,7,6,1,12,12,12,6,1,17,17,17,6,1,22,22,22,6,1,27,27,27  std=True  |→ 0,1,2,1,4,1,6,1,7,7,7,6,1,12,12...
        [PPS] 0,1,2,1,4,1,6,1,7,7,7,6,1,12,12,12,6,1,17,17,17,6,1,22,22,22,6,1,27,27,27,6,1,32,32,32  std=True  |→ 0,1,2,1,4,1,6,1,7,7,7,6,1,12,12...
    [PPS] 0,1,2,1,4,1,6,1,8,1,10  std=True  |→ 前缀[0, 1, 2, 1, 4, 1, 6, 1, 8, 1]+无限9
      [PPS] 0,1,2,1,4,1,6,1,8,1  std=True  |→ 0,1,2,1,4,1,6,1,8,0,10,11,10,13,10...
        [PPS] 0,1,2,1,4,1,6,1,8,0,10,11,10,13,10,15,10,17  std=True  |→ 前缀[0, 1, 2, 1, 4, 1, 6, 1, 8, 0, 10, 11, 10, 13, 10, 15, 10]+无限16
        [PPS] 0,1,2,1,4,1,6,1,8,0,10,11,10,13,10,15,10,17,0,19,20,19,22,19,24,19,26  std=True  |→ 前缀[0, 1, 2, 1, 4, 1, 6, 1, 8, 0, 10, 11, 10, 13, 10, 15, 10, 17, 0, 19, 20, 19, 22, 19, 24, 19]+无限25
        [PPS] 0,1,2,1,4,1,6,1,8,0,10,11,10,13,10,15,10,17,0,19,20,19,22,19,24,19,26,0,28,29,28,31,28,33,28,35  std=True  |→ 前缀[0, 1, 2, 1, 4, 1, 6, 1, 8, 0, 10, 11, 10, 13, 10, 15, 10, 17, 0, 19, 20, 19, 22, 19, 24, 19, 26, 0, 28, 29, 28, 31, 28, 33, 28]+无限34
        [PPS] 0,1,2,1,4,1,6,1,8,0,10,11,10,13,10,15,10,17,0,19,20,19,22,19,24,19,26,0,28,29,28,31,28,33,28,35,0,37,38,37,40,37,42,37,44  std=True  |→ 前缀[0, 1, 2, 1, 4, 1, 6, 1, 8, 0, 10, 11, 10, 13, 10, 15, 10, 17, 0, 19, 20, 19, 22, 19, 24, 19, 26, 0, 28, 29, 28, 31, 28, 33, 28, 35, 0, 37, 38, 37, 40, 37, 42, 37]+无限43
        [PPS] 0,1,2,1,4,1,6,1,8,0,10,11,10,13,10,15,10,17,0,19,20,19,22,19,24,19,26,0,28,29,28,31,28,33,28,35,0,37,38,37,40,37,42,37,44,0,46,47,46,49,46,51,46,53  std=True  |→ 前缀[0, 1, 2, 1, 4, 1, 6, 1, 8, 0, 10, 11, 10, 13, 10, 15, 10, 17, 0, 19, 20, 19, 22, 19, 24, 19, 26, 0, 28, 29, 28, 31, 28, 33, 28, 35, 0, 37, 38, 37, 40, 37, 42, 37, 44, 0, 46, 47, 46, 49, 46, 51, 46]+无限52
      [PPS] 0,1,2,1,4,1,6,1,8,1,9  std=True  |→ 0,1,2,1,4,1,6,1,8,1,8,1,8,1,8...
        [PPS] 0,1,2,1,4,1,6,1,8,1,8,1  std=True  |→ 0,1,2,1,4,1,6,1,8,1,8,0,12,13,12...
        [PPS] 0,1,2,1,4,1,6,1,8,1,8,1,8,1  std=True  |→ 0,1,2,1,4,1,6,1,8,1,8,1,8,0,14...
        [PPS] 0,1,2,1,4,1,6,1,8,1,8,1,8,1,8,1  std=True  |→ 0,1,2,1,4,1,6,1,8,1,8,1,8,1,8...
        [PPS] 0,1,2,1,4,1,6,1,8,1,8,1,8,1,8,1,8,1  std=True  |→ 0,1,2,1,4,1,6,1,8,1,8,1,8,1,8...
        [PPS] 0,1,2,1,4,1,6,1,8,1,8,1,8,1,8,1,8,1,8,1  std=True  |→ 0,1,2,1,4,1,6,1,8,1,8,1,8,1,8...
      [PPS] 0,1,2,1,4,1,6,1,8,1,9,9  std=True  |→ 0,1,2,1,4,1,6,1,8,1,9,8,1,12,8...
        [PPS] 0,1,2,1,4,1,6,1,8,1,9,8,1,12  std=True  |→ 0,1,2,1,4,1,6,1,8,1,9,8,1,11,1...
        [PPS] 0,1,2,1,4,1,6,1,8,1,9,8,1,12,8,1,15  std=True  |→ 0,1,2,1,4,1,6,1,8,1,9,8,1,12,8...
        [PPS] 0,1,2,1,4,1,6,1,8,1,9,8,1,12,8,1,15,8,1,18  std=True  |→ 0,1,2,1,4,1,6,1,8,1,9,8,1,12,8...
        [PPS] 0,1,2,1,4,1,6,1,8,1,9,8,1,12,8,1,15,8,1,18,8,1,21  std=True  |→ 0,1,2,1,4,1,6,1,8,1,9,8,1,12,8...
        [PPS] 0,1,2,1,4,1,6,1,8,1,9,8,1,12,8,1,15,8,1,18,8,1,21,8,1,24  std=True  |→ 0,1,2,1,4,1,6,1,8,1,9,8,1,12,8...
      [PPS] 0,1,2,1,4,1,6,1,8,1,9,9,9  std=True  |→ 0,1,2,1,4,1,6,1,8,1,9,9,8,1,13...
        [PPS] 0,1,2,1,4,1,6,1,8,1,9,9,8,1,13,13  std=True  |→ 0,1,2,1,4,1,6,1,8,1,9,9,8,1,13...
        [PPS] 0,1,2,1,4,1,6,1,8,1,9,9,8,1,13,13,8,1,17,17  std=True  |→ 0,1,2,1,4,1,6,1,8,1,9,9,8,1,13...
        [PPS] 0,1,2,1,4,1,6,1,8,1,9,9,8,1,13,13,8,1,17,17,8,1,21,21  std=True  |→ 0,1,2,1,4,1,6,1,8,1,9,9,8,1,13...
        [PPS] 0,1,2,1,4,1,6,1,8,1,9,9,8,1,13,13,8,1,17,17,8,1,21,21,8,1,25,25  std=True  |→ 0,1,2,1,4,1,6,1,8,1,9,9,8,1,13...
        [PPS] 0,1,2,1,4,1,6,1,8,1,9,9,8,1,13,13,8,1,17,17,8,1,21,21,8,1,25,25,8,1,29,29  std=True  |→ 0,1,2,1,4,1,6,1,8,1,9,9,8,1,13...
      [PPS] 0,1,2,1,4,1,6,1,8,1,9,9,9,9  std=True  |→ 0,1,2,1,4,1,6,1,8,1,9,9,9,8,1...
        [PPS] 0,1,2,1,4,1,6,1,8,1,9,9,9,8,1,14,14,14  std=True  |→ 0,1,2,1,4,1,6,1,8,1,9,9,9,8,1...
        [PPS] 0,1,2,1,4,1,6,1,8,1,9,9,9,8,1,14,14,14,8,1,19,19,19  std=True  |→ 0,1,2,1,4,1,6,1,8,1,9,9,9,8,1...
        [PPS] 0,1,2,1,4,1,6,1,8,1,9,9,9,8,1,14,14,14,8,1,19,19,19,8,1,24,24,24  std=True  |→ 0,1,2,1,4,1,6,1,8,1,9,9,9,8,1...
        [PPS] 0,1,2,1,4,1,6,1,8,1,9,9,9,8,1,14,14,14,8,1,19,19,19,8,1,24,24,24,8,1,29,29,29  std=True  |→ 0,1,2,1,4,1,6,1,8,1,9,9,9,8,1...
        [PPS] 0,1,2,1,4,1,6,1,8,1,9,9,9,8,1,14,14,14,8,1,19,19,19,8,1,24,24,24,8,1,29,29,29,8,1,34,34,34  std=True  |→ 0,1,2,1,4,1,6,1,8,1,9,9,9,8,1...
    [PPS] 0,1,2,1,4,1,6,1,8,1,10,1,12  std=True  |→ 前缀[0, 1, 2, 1, 4, 1, 6, 1, 8, 1, 10, 1]+无限11
      [PPS] 0,1,2,1,4,1,6,1,8,1,10,1  std=True  |→ 0,1,2,1,4,1,6,1,8,1,10,0,12,13,12...
        [PPS] 0,1,2,1,4,1,6,1,8,1,10,0,12,13,12,15,12,17,12,19,12,21  std=True  |→ 前缀[0, 1, 2, 1, 4, 1, 6, 1, 8, 1, 10, 0, 12, 13, 12, 15, 12, 17, 12, 19, 12]+无限20
        [PPS] 0,1,2,1,4,1,6,1,8,1,10,0,12,13,12,15,12,17,12,19,12,21,0,23,24,23,26,23,28,23,30,23,32  std=True  |→ 前缀[0, 1, 2, 1, 4, 1, 6, 1, 8, 1, 10, 0, 12, 13, 12, 15, 12, 17, 12, 19, 12, 21, 0, 23, 24, 23, 26, 23, 28, 23, 30, 23]+无限31
        [PPS] 0,1,2,1,4,1,6,1,8,1,10,0,12,13,12,15,12,17,12,19,12,21,0,23,24,23,26,23,28,23,30,23,32,0,34,35,34,37,34,39,34,41,34,43  std=True  |→ 前缀[0, 1, 2, 1, 4, 1, 6, 1, 8, 1, 10, 0, 12, 13, 12, 15, 12, 17, 12, 19, 12, 21, 0, 23, 24, 23, 26, 23, 28, 23, 30, 23, 32, 0, 34, 35, 34, 37, 34, 39, 34, 41, 34]+无限42
        [PPS] 0,1,2,1,4,1,6,1,8,1,10,0,12,13,12,15,12,17,12,19,12,21,0,23,24,23,26,23,28,23,30,23,32,0,34,35,34,37,34,39,34,41,34,43,0,45,46,45,48,45,50,45,52,45,54  std=True  |→ 前缀[0, 1, 2, 1, 4, 1, 6, 1, 8, 1, 10, 0, 12, 13, 12, 15, 12, 17, 12, 19, 12, 21, 0, 23, 24, 23, 26, 23, 28, 23, 30, 23, 32, 0, 34, 35, 34, 37, 34, 39, 34, 41, 34, 43, 0, 45, 46, 45, 48, 45, 50, 45, 52, 45]+无限53
        [PPS] 0,1,2,1,4,1,6,1,8,1,10,0,12,13,12,15,12,17,12,19,12,21,0,23,24,23,26,23,28,23,30,23,32,0,34,35,34,37,34,39,34,41,34,43,0,45,46,45,48,45,50,45,52,45,54,0,56,57,56,59,56,61,56,63,56,65  std=True  |→ 前缀[0, 1, 2, 1, 4, 1, 6, 1, 8, 1, 10, 0, 12, 13, 12, 15, 12, 17, 12, 19, 12, 21, 0, 23, 24, 23, 26, 23, 28, 23, 30, 23, 32, 0, 34, 35, 34, 37, 34, 39, 34, 41, 34, 43, 0, 45, 46, 45, 48, 45, 50, 45, 52, 45, 54, 0, 56, 57, 56, 59, 56, 61, 56, 63, 56]+无限64
      [PPS] 0,1,2,1,4,1,6,1,8,1,10,1,11  std=True  |→ 0,1,2,1,4,1,6,1,8,1,10,1,10,1,10...
        [PPS] 0,1,2,1,4,1,6,1,8,1,10,1,10,1  std=True  |→ 0,1,2,1,4,1,6,1,8,1,10,1,10,0,14...
        [PPS] 0,1,2,1,4,1,6,1,8,1,10,1,10,1,10,1  std=True  |→ 0,1,2,1,4,1,6,1,8,1,10,1,10,1,10...
        [PPS] 0,1,2,1,4,1,6,1,8,1,10,1,10,1,10,1,10,1  std=True  |→ 0,1,2,1,4,1,6,1,8,1,10,1,10,1,10...
        [PPS] 0,1,2,1,4,1,6,1,8,1,10,1,10,1,10,1,10,1,10,1  std=True  |→ 0,1,2,1,4,1,6,1,8,1,10,1,10,1,10...
        [PPS] 0,1,2,1,4,1,6,1,8,1,10,1,10,1,10,1,10,1,10,1,10,1  std=True  |→ 0,1,2,1,4,1,6,1,8,1,10,1,10,1,10...
      [PPS] 0,1,2,1,4,1,6,1,8,1,10,1,11,11  std=True  |→ 0,1,2,1,4,1,6,1,8,1,10,1,11,10,1...
        [PPS] 0,1,2,1,4,1,6,1,8,1,10,1,11,10,1,14  std=True  |→ 0,1,2,1,4,1,6,1,8,1,10,1,11,10,1...
        [PPS] 0,1,2,1,4,1,6,1,8,1,10,1,11,10,1,14,10,1,17  std=True  |→ 0,1,2,1,4,1,6,1,8,1,10,1,11,10,1...
        [PPS] 0,1,2,1,4,1,6,1,8,1,10,1,11,10,1,14,10,1,17,10,1,20  std=True  |→ 0,1,2,1,4,1,6,1,8,1,10,1,11,10,1...
        [PPS] 0,1,2,1,4,1,6,1,8,1,10,1,11,10,1,14,10,1,17,10,1,20,10,1,23  std=True  |→ 0,1,2,1,4,1,6,1,8,1,10,1,11,10,1...
        [PPS] 0,1,2,1,4,1,6,1,8,1,10,1,11,10,1,14,10,1,17,10,1,20,10,1,23,10,1,26  std=True  |→ 0,1,2,1,4,1,6,1,8,1,10,1,11,10,1...
      [PPS] 0,1,2,1,4,1,6,1,8,1,10,1,11,11,11  std=True  |→ 0,1,2,1,4,1,6,1,8,1,10,1,11,11,10...
        [PPS] 0,1,2,1,4,1,6,1,8,1,10,1,11,11,10,1,15,15  std=True  |→ 0,1,2,1,4,1,6,1,8,1,10,1,11,11,10...
        [PPS] 0,1,2,1,4,1,6,1,8,1,10,1,11,11,10,1,15,15,10,1,19,19  std=True  |→ 0,1,2,1,4,1,6,1,8,1,10,1,11,11,10...
        [PPS] 0,1,2,1,4,1,6,1,8,1,10,1,11,11,10,1,15,15,10,1,19,19,10,1,23,23  std=True  |→ 0,1,2,1,4,1,6,1,8,1,10,1,11,11,10...
        [PPS] 0,1,2,1,4,1,6,1,8,1,10,1,11,11,10,1,15,15,10,1,19,19,10,1,23,23,10,1,27,27  std=True  |→ 0,1,2,1,4,1,6,1,8,1,10,1,11,11,10...
        [PPS] 0,1,2,1,4,1,6,1,8,1,10,1,11,11,10,1,15,15,10,1,19,19,10,1,23,23,10,1,27,27,10,1,31,31  std=True  |→ 0,1,2,1,4,1,6,1,8,1,10,1,11,11,10...
      [PPS] 0,1,2,1,4,1,6,1,8,1,10,1,11,11,11,11  std=True  |→ 0,1,2,1,4,1,6,1,8,1,10,1,11,11,11...
        [PPS] 0,1,2,1,4,1,6,1,8,1,10,1,11,11,11,10,1,16,16,16  std=True  |→ 0,1,2,1,4,1,6,1,8,1,10,1,11,11,11...
        [PPS] 0,1,2,1,4,1,6,1,8,1,10,1,11,11,11,10,1,16,16,16,10,1,21,21,21  std=True  |→ 0,1,2,1,4,1,6,1,8,1,10,1,11,11,11...
        [PPS] 0,1,2,1,4,1,6,1,8,1,10,1,11,11,11,10,1,16,16,16,10,1,21,21,21,10,1,26,26,26  std=True  |→ 0,1,2,1,4,1,6,1,8,1,10,1,11,11,11...
        [PPS] 0,1,2,1,4,1,6,1,8,1,10,1,11,11,11,10,1,16,16,16,10,1,21,21,21,10,1,26,26,26,10,1,31,31,31  std=True  |→ 0,1,2,1,4,1,6,1,8,1,10,1,11,11,11...
        [PPS] 0,1,2,1,4,1,6,1,8,1,10,1,11,11,11,10,1,16,16,16,10,1,21,21,21,10,1,26,26,26,10,1,31,31,31,10,1,36,36,36  std=True  |→ 0,1,2,1,4,1,6,1,8,1,10,1,11,11,11...
  [PPS] 0,1,2,2,2  std=True  |→ 0,1,2,2,1,5,5,1,8,8,1,11,11,1,14...
    [PPS] 0,1,2,2,1,5,5  std=True  |→ 0,1,2,2,1,5,4,7,4,9,4,11,4,13,4...
      [PPS] 0,1,2,2,1,5,4,7  std=True  |→ 前缀[0, 1, 2, 2, 1, 5, 4]+无限6
        [PPS] 0,1,2,2,1,5,4  std=True  |→ 0,1,2,2,1,5,3,1,8,3,1,11,3,1,14...
        [PPS] 0,1,2,2,1,5,4,6  std=True  |→ 0,1,2,2,1,5,4,5,4,5,4,5,4,5,4...
        [PPS] 0,1,2,2,1,5,4,6,6  std=True  |→ 0,1,2,2,1,5,4,6,5,4,9,5,4,12,5...
        [PPS] 0,1,2,2,1,5,4,6,6,6  std=True  |→ 0,1,2,2,1,5,4,6,6,5,4,10,10,5,4...
        [PPS] 0,1,2,2,1,5,4,6,6,6,6  std=True  |→ 0,1,2,2,1,5,4,6,6,6,5,4,11,11,11...
      [PPS] 0,1,2,2,1,5,4,7,4,9  std=True  |→ 前缀[0, 1, 2, 2, 1, 5, 4, 7, 4]+无限8
        [PPS] 0,1,2,2,1,5,4,7,4  std=True  |→ 0,1,2,2,1,5,4,7,3,1,10,9,12,3,1...
        [PPS] 0,1,2,2,1,5,4,7,4,8  std=True  |→ 0,1,2,2,1,5,4,7,4,7,4,7,4,7,4...
        [PPS] 0,1,2,2,1,5,4,7,4,8,8  std=True  |→ 0,1,2,2,1,5,4,7,4,8,7,4,11,7,4...
        [PPS] 0,1,2,2,1,5,4,7,4,8,8,8  std=True  |→ 0,1,2,2,1,5,4,7,4,8,8,7,4,12,12...
        [PPS] 0,1,2,2,1,5,4,7,4,8,8,8,8  std=True  |→ 0,1,2,2,1,5,4,7,4,8,8,8,7,4,13...
      [PPS] 0,1,2,2,1,5,4,7,4,9,4,11  std=True  |→ 前缀[0, 1, 2, 2, 1, 5, 4, 7, 4, 9, 4]+无限10
        [PPS] 0,1,2,2,1,5,4,7,4,9,4  std=True  |→ 0,1,2,2,1,5,4,7,4,9,3,1,12,11,14...
        [PPS] 0,1,2,2,1,5,4,7,4,9,4,10  std=True  |→ 0,1,2,2,1,5,4,7,4,9,4,9,4,9,4...
        [PPS] 0,1,2,2,1,5,4,7,4,9,4,10,10  std=True  |→ 0,1,2,2,1,5,4,7,4,9,4,10,9,4,13...
        [PPS] 0,1,2,2,1,5,4,7,4,9,4,10,10,10  std=True  |→ 0,1,2,2,1,5,4,7,4,9,4,10,10,9,4...
        [PPS] 0,1,2,2,1,5,4,7,4,9,4,10,10,10,10  std=True  |→ 0,1,2,2,1,5,4,7,4,9,4,10,10,10,9...
      [PPS] 0,1,2,2,1,5,4,7,4,9,4,11,4,13  std=True  |→ 前缀[0, 1, 2, 2, 1, 5, 4, 7, 4, 9, 4, 11, 4]+无限12
        [PPS] 0,1,2,2,1,5,4,7,4,9,4,11,4  std=True  |→ 0,1,2,2,1,5,4,7,4,9,4,11,3,1,14...
        [PPS] 0,1,2,2,1,5,4,7,4,9,4,11,4,12  std=True  |→ 0,1,2,2,1,5,4,7,4,9,4,11,4,11,4...
        [PPS] 0,1,2,2,1,5,4,7,4,9,4,11,4,12,12  std=True  |→ 0,1,2,2,1,5,4,7,4,9,4,11,4,12,11...
        [PPS] 0,1,2,2,1,5,4,7,4,9,4,11,4,12,12,12  std=True  |→ 0,1,2,2,1,5,4,7,4,9,4,11,4,12,12...
        [PPS] 0,1,2,2,1,5,4,7,4,9,4,11,4,12,12,12,12  std=True  |→ 0,1,2,2,1,5,4,7,4,9,4,11,4,12,12...
      [PPS] 0,1,2,2,1,5,4,7,4,9,4,11,4,13,4,15  std=True  |→ 前缀[0, 1, 2, 2, 1, 5, 4, 7, 4, 9, 4, 11, 4, 13, 4]+无限14
        [PPS] 0,1,2,2,1,5,4,7,4,9,4,11,4,13,4  std=True  |→ 0,1,2,2,1,5,4,7,4,9,4,11,4,13,3...
        [PPS] 0,1,2,2,1,5,4,7,4,9,4,11,4,13,4,14  std=True  |→ 0,1,2,2,1,5,4,7,4,9,4,11,4,13,4...
        [PPS] 0,1,2,2,1,5,4,7,4,9,4,11,4,13,4,14,14  std=True  |→ 0,1,2,2,1,5,4,7,4,9,4,11,4,13,4...
        [PPS] 0,1,2,2,1,5,4,7,4,9,4,11,4,13,4,14,14,14  std=True  |→ 0,1,2,2,1,5,4,7,4,9,4,11,4,13,4...
        [PPS] 0,1,2,2,1,5,4,7,4,9,4,11,4,13,4,14,14,14,14  std=True  |→ 0,1,2,2,1,5,4,7,4,9,4,11,4,13,4...
    [PPS] 0,1,2,2,1,5,5,1,8,8  std=True  |→ 0,1,2,2,1,5,5,1,8,7,10,7,12,7,14...
      [PPS] 0,1,2,2,1,5,5,1,8,7,10  std=True  |→ 前缀[0, 1, 2, 2, 1, 5, 5, 1, 8, 7]+无限9
        [PPS] 0,1,2,2,1,5,5,1,8,7  std=True  |→ 0,1,2,2,1,5,5,1,8,6,1,11,6,1,14...
        [PPS] 0,1,2,2,1,5,5,1,8,7,9  std=True  |→ 0,1,2,2,1,5,5,1,8,7,8,7,8,7,8...
        [PPS] 0,1,2,2,1,5,5,1,8,7,9,9  std=True  |→ 0,1,2,2,1,5,5,1,8,7,9,8,7,12,8...
        [PPS] 0,1,2,2,1,5,5,1,8,7,9,9,9  std=True  |→ 0,1,2,2,1,5,5,1,8,7,9,9,8,7,13...
        [PPS] 0,1,2,2,1,5,5,1,8,7,9,9,9,9  std=True  |→ 0,1,2,2,1,5,5,1,8,7,9,9,9,8,7...
      [PPS] 0,1,2,2,1,5,5,1,8,7,10,7,12  std=True  |→ 前缀[0, 1, 2, 2, 1, 5, 5, 1, 8, 7, 10, 7]+无限11
        [PPS] 0,1,2,2,1,5,5,1,8,7,10,7  std=True  |→ 0,1,2,2,1,5,5,1,8,7,10,6,1,13,12...
        [PPS] 0,1,2,2,1,5,5,1,8,7,10,7,11  std=True  |→ 0,1,2,2,1,5,5,1,8,7,10,7,10,7,10...
        [PPS] 0,1,2,2,1,5,5,1,8,7,10,7,11,11  std=True  |→ 0,1,2,2,1,5,5,1,8,7,10,7,11,10,7...
        [PPS] 0,1,2,2,1,5,5,1,8,7,10,7,11,11,11  std=True  |→ 0,1,2,2,1,5,5,1,8,7,10,7,11,11,10...
        [PPS] 0,1,2,2,1,5,5,1,8,7,10,7,11,11,11,11  std=True  |→ 0,1,2,2,1,5,5,1,8,7,10,7,11,11,11...
      [PPS] 0,1,2,2,1,5,5,1,8,7,10,7,12,7,14  std=True  |→ 前缀[0, 1, 2, 2, 1, 5, 5, 1, 8, 7, 10, 7, 12, 7]+无限13
        [PPS] 0,1,2,2,1,5,5,1,8,7,10,7,12,7  std=True  |→ 0,1,2,2,1,5,5,1,8,7,10,7,12,6,1...
        [PPS] 0,1,2,2,1,5,5,1,8,7,10,7,12,7,13  std=True  |→ 0,1,2,2,1,5,5,1,8,7,10,7,12,7,12...
        [PPS] 0,1,2,2,1,5,5,1,8,7,10,7,12,7,13,13  std=True  |→ 0,1,2,2,1,5,5,1,8,7,10,7,12,7,13...
        [PPS] 0,1,2,2,1,5,5,1,8,7,10,7,12,7,13,13,13  std=True  |→ 0,1,2,2,1,5,5,1,8,7,10,7,12,7,13...
        [PPS] 0,1,2,2,1,5,5,1,8,7,10,7,12,7,13,13,13,13  std=True  |→ 0,1,2,2,1,5,5,1,8,7,10,7,12,7,13...
      [PPS] 0,1,2,2,1,5,5,1,8,7,10,7,12,7,14,7,16  std=True  |→ 前缀[0, 1, 2, 2, 1, 5, 5, 1, 8, 7, 10, 7, 12, 7, 14, 7]+无限15
        [PPS] 0,1,2,2,1,5,5,1,8,7,10,7,12,7,14,7  std=True  |→ 0,1,2,2,1,5,5,1,8,7,10,7,12,7,14...
        [PPS] 0,1,2,2,1,5,5,1,8,7,10,7,12,7,14,7,15  std=True  |→ 0,1,2,2,1,5,5,1,8,7,10,7,12,7,14...
        [PPS] 0,1,2,2,1,5,5,1,8,7,10,7,12,7,14,7,15,15  std=True  |→ 0,1,2,2,1,5,5,1,8,7,10,7,12,7,14...
        [PPS] 0,1,2,2,1,5,5,1,8,7,10,7,12,7,14,7,15,15,15  std=True  |→ 0,1,2,2,1,5,5,1,8,7,10,7,12,7,14...
        [PPS] 0,1,2,2,1,5,5,1,8,7,10,7,12,7,14,7,15,15,15,15  std=True  |→ 0,1,2,2,1,5,5,1,8,7,10,7,12,7,14...
      [PPS] 0,1,2,2,1,5,5,1,8,7,10,7,12,7,14,7,16,7,18  std=True  |→ 前缀[0, 1, 2, 2, 1, 5, 5, 1, 8, 7, 10, 7, 12, 7, 14, 7, 16, 7]+无限17
        [PPS] 0,1,2,2,1,5,5,1,8,7,10,7,12,7,14,7,16,7  std=True  |→ 0,1,2,2,1,5,5,1,8,7,10,7,12,7,14...
        [PPS] 0,1,2,2,1,5,5,1,8,7,10,7,12,7,14,7,16,7,17  std=True  |→ 0,1,2,2,1,5,5,1,8,7,10,7,12,7,14...
        [PPS] 0,1,2,2,1,5,5,1,8,7,10,7,12,7,14,7,16,7,17,17  std=True  |→ 0,1,2,2,1,5,5,1,8,7,10,7,12,7,14...
        [PPS] 0,1,2,2,1,5,5,1,8,7,10,7,12,7,14,7,16,7,17,17,17  std=True  |→ 0,1,2,2,1,5,5,1,8,7,10,7,12,7,14...
        [PPS] 0,1,2,2,1,5,5,1,8,7,10,7,12,7,14,7,16,7,17,17,17,17  std=True  |→ 0,1,2,2,1,5,5,1,8,7,10,7,12,7,14...
    [PPS] 0,1,2,2,1,5,5,1,8,8,1,11,11  std=True  |→ 0,1,2,2,1,5,5,1,8,8,1,11,10,13,10...
      [PPS] 0,1,2,2,1,5,5,1,8,8,1,11,10,13  std=True  |→ 前缀[0, 1, 2, 2, 1, 5, 5, 1, 8, 8, 1, 11, 10]+无限12
        [PPS] 0,1,2,2,1,5,5,1,8,8,1,11,10  std=True  |→ 0,1,2,2,1,5,5,1,8,8,1,11,9,1,14...
        [PPS] 0,1,2,2,1,5,5,1,8,8,1,11,10,12  std=True  |→ 0,1,2,2,1,5,5,1,8,8,1,11,10,11,10...
        [PPS] 0,1,2,2,1,5,5,1,8,8,1,11,10,12,12  std=True  |→ 0,1,2,2,1,5,5,1,8,8,1,11,10,12,11...
        [PPS] 0,1,2,2,1,5,5,1,8,8,1,11,10,12,12,12  std=True  |→ 0,1,2,2,1,5,5,1,8,8,1,11,10,12,12...
        [PPS] 0,1,2,2,1,5,5,1,8,8,1,11,10,12,12,12,12  std=True  |→ 0,1,2,2,1,5,5,1,8,8,1,11,10,12,12...
      [PPS] 0,1,2,2,1,5,5,1,8,8,1,11,10,13,10,15  std=True  |→ 前缀[0, 1, 2, 2, 1, 5, 5, 1, 8, 8, 1, 11, 10, 13, 10]+无限14
        [PPS] 0,1,2,2,1,5,5,1,8,8,1,11,10,13,10  std=True  |→ 0,1,2,2,1,5,5,1,8,8,1,11,10,13,9...
        [PPS] 0,1,2,2,1,5,5,1,8,8,1,11,10,13,10,14  std=True  |→ 0,1,2,2,1,5,5,1,8,8,1,11,10,13,10...
        [PPS] 0,1,2,2,1,5,5,1,8,8,1,11,10,13,10,14,14  std=True  |→ 0,1,2,2,1,5,5,1,8,8,1,11,10,13,10...
        [PPS] 0,1,2,2,1,5,5,1,8,8,1,11,10,13,10,14,14,14  std=True  |→ 0,1,2,2,1,5,5,1,8,8,1,11,10,13,10...
        [PPS] 0,1,2,2,1,5,5,1,8,8,1,11,10,13,10,14,14,14,14  std=True  |→ 0,1,2,2,1,5,5,1,8,8,1,11,10,13,10...
      [PPS] 0,1,2,2,1,5,5,1,8,8,1,11,10,13,10,15,10,17  std=True  |→ 前缀[0, 1, 2, 2, 1, 5, 5, 1, 8, 8, 1, 11, 10, 13, 10, 15, 10]+无限16
        [PPS] 0,1,2,2,1,5,5,1,8,8,1,11,10,13,10,15,10  std=True  |→ 0,1,2,2,1,5,5,1,8,8,1,11,10,13,10...
        [PPS] 0,1,2,2,1,5,5,1,8,8,1,11,10,13,10,15,10,16  std=True  |→ 0,1,2,2,1,5,5,1,8,8,1,11,10,13,10...
        [PPS] 0,1,2,2,1,5,5,1,8,8,1,11,10,13,10,15,10,16,16  std=True  |→ 0,1,2,2,1,5,5,1,8,8,1,11,10,13,10...
        [PPS] 0,1,2,2,1,5,5,1,8,8,1,11,10,13,10,15,10,16,16,16  std=True  |→ 0,1,2,2,1,5,5,1,8,8,1,11,10,13,10...
        [PPS] 0,1,2,2,1,5,5,1,8,8,1,11,10,13,10,15,10,16,16,16,16  std=True  |→ 0,1,2,2,1,5,5,1,8,8,1,11,10,13,10...
      [PPS] 0,1,2,2,1,5,5,1,8,8,1,11,10,13,10,15,10,17,10,19  std=True  |→ 前缀[0, 1, 2, 2, 1, 5, 5, 1, 8, 8, 1, 11, 10, 13, 10, 15, 10, 17, 10]+无限18
        [PPS] 0,1,2,2,1,5,5,1,8,8,1,11,10,13,10,15,10,17,10  std=True  |→ 0,1,2,2,1,5,5,1,8,8,1,11,10,13,10...
        [PPS] 0,1,2,2,1,5,5,1,8,8,1,11,10,13,10,15,10,17,10,18  std=True  |→ 0,1,2,2,1,5,5,1,8,8,1,11,10,13,10...
        [PPS] 0,1,2,2,1,5,5,1,8,8,1,11,10,13,10,15,10,17,10,18,18  std=True  |→ 0,1,2,2,1,5,5,1,8,8,1,11,10,13,10...
        [PPS] 0,1,2,2,1,5,5,1,8,8,1,11,10,13,10,15,10,17,10,18,18,18  std=True  |→ 0,1,2,2,1,5,5,1,8,8,1,11,10,13,10...
        [PPS] 0,1,2,2,1,5,5,1,8,8,1,11,10,13,10,15,10,17,10,18,18,18,18  std=True  |→ 0,1,2,2,1,5,5,1,8,8,1,11,10,13,10...
      [PPS] 0,1,2,2,1,5,5,1,8,8,1,11,10,13,10,15,10,17,10,19,10,21  std=True  |→ 前缀[0, 1, 2, 2, 1, 5, 5, 1, 8, 8, 1, 11, 10, 13, 10, 15, 10, 17, 10, 19, 10]+无限20
        [PPS] 0,1,2,2,1,5,5,1,8,8,1,11,10,13,10,15,10,17,10,19,10  std=True  |→ 0,1,2,2,1,5,5,1,8,8,1,11,10,13,10...
        [PPS] 0,1,2,2,1,5,5,1,8,8,1,11,10,13,10,15,10,17,10,19,10,20  std=True  |→ 0,1,2,2,1,5,5,1,8,8,1,11,10,13,10...
        [PPS] 0,1,2,2,1,5,5,1,8,8,1,11,10,13,10,15,10,17,10,19,10,20,20  std=True  |→ 0,1,2,2,1,5,5,1,8,8,1,11,10,13,10...
        [PPS] 0,1,2,2,1,5,5,1,8,8,1,11,10,13,10,15,10,17,10,19,10,20,20,20  std=True  |→ 0,1,2,2,1,5,5,1,8,8,1,11,10,13,10...
        [PPS] 0,1,2,2,1,5,5,1,8,8,1,11,10,13,10,15,10,17,10,19,10,20,20,20,20  std=True  |→ 0,1,2,2,1,5,5,1,8,8,1,11,10,13,10...
    [PPS] 0,1,2,2,1,5,5,1,8,8,1,11,11,1,14,14  std=True  |→ 0,1,2,2,1,5,5,1,8,8,1,11,11,1,14...
      [PPS] 0,1,2,2,1,5,5,1,8,8,1,11,11,1,14,13,16  std=True  |→ 前缀[0, 1, 2, 2, 1, 5, 5, 1, 8, 8, 1, 11, 11, 1, 14, 13]+无限15
        [PPS] 0,1,2,2,1,5,5,1,8,8,1,11,11,1,14,13  std=True  |→ 0,1,2,2,1,5,5,1,8,8,1,11,11,1,14...
        [PPS] 0,1,2,2,1,5,5,1,8,8,1,11,11,1,14,13,15  std=True  |→ 0,1,2,2,1,5,5,1,8,8,1,11,11,1,14...
        [PPS] 0,1,2,2,1,5,5,1,8,8,1,11,11,1,14,13,15,15  std=True  |→ 0,1,2,2,1,5,5,1,8,8,1,11,11,1,14...
        [PPS] 0,1,2,2,1,5,5,1,8,8,1,11,11,1,14,13,15,15,15  std=True  |→ 0,1,2,2,1,5,5,1,8,8,1,11,11,1,14...
        [PPS] 0,1,2,2,1,5,5,1,8,8,1,11,11,1,14,13,15,15,15,15  std=True  |→ 0,1,2,2,1,5,5,1,8,8,1,11,11,1,14...
      [PPS] 0,1,2,2,1,5,5,1,8,8,1,11,11,1,14,13,16,13,18  std=True  |→ 前缀[0, 1, 2, 2, 1, 5, 5, 1, 8, 8, 1, 11, 11, 1, 14, 13, 16, 13]+无限17
        [PPS] 0,1,2,2,1,5,5,1,8,8,1,11,11,1,14,13,16,13  std=True  |→ 0,1,2,2,1,5,5,1,8,8,1,11,11,1,14...
        [PPS] 0,1,2,2,1,5,5,1,8,8,1,11,11,1,14,13,16,13,17  std=True  |→ 0,1,2,2,1,5,5,1,8,8,1,11,11,1,14...
        [PPS] 0,1,2,2,1,5,5,1,8,8,1,11,11,1,14,13,16,13,17,17  std=True  |→ 0,1,2,2,1,5,5,1,8,8,1,11,11,1,14...
        [PPS] 0,1,2,2,1,5,5,1,8,8,1,11,11,1,14,13,16,13,17,17,17  std=True  |→ 0,1,2,2,1,5,5,1,8,8,1,11,11,1,14...
        [PPS] 0,1,2,2,1,5,5,1,8,8,1,11,11,1,14,13,16,13,17,17,17,17  std=True  |→ 0,1,2,2,1,5,5,1,8,8,1,11,11,1,14...
      [PPS] 0,1,2,2,1,5,5,1,8,8,1,11,11,1,14,13,16,13,18,13,20  std=True  |→ 前缀[0, 1, 2, 2, 1, 5, 5, 1, 8, 8, 1, 11, 11, 1, 14, 13, 16, 13, 18, 13]+无限19
        [PPS] 0,1,2,2,1,5,5,1,8,8,1,11,11,1,14,13,16,13,18,13  std=True  |→ 0,1,2,2,1,5,5,1,8,8,1,11,11,1,14...
        [PPS] 0,1,2,2,1,5,5,1,8,8,1,11,11,1,14,13,16,13,18,13,19  std=True  |→ 0,1,2,2,1,5,5,1,8,8,1,11,11,1,14...
        [PPS] 0,1,2,2,1,5,5,1,8,8,1,11,11,1,14,13,16,13,18,13,19,19  std=True  |→ 0,1,2,2,1,5,5,1,8,8,1,11,11,1,14...
        [PPS] 0,1,2,2,1,5,5,1,8,8,1,11,11,1,14,13,16,13,18,13,19,19,19  std=True  |→ 0,1,2,2,1,5,5,1,8,8,1,11,11,1,14...
        [PPS] 0,1,2,2,1,5,5,1,8,8,1,11,11,1,14,13,16,13,18,13,19,19,19,19  std=True  |→ 0,1,2,2,1,5,5,1,8,8,1,11,11,1,14...
      [PPS] 0,1,2,2,1,5,5,1,8,8,1,11,11,1,14,13,16,13,18,13,20,13,22  std=True  |→ 前缀[0, 1, 2, 2, 1, 5, 5, 1, 8, 8, 1, 11, 11, 1, 14, 13, 16, 13, 18, 13, 20, 13]+无限21
        [PPS] 0,1,2,2,1,5,5,1,8,8,1,11,11,1,14,13,16,13,18,13,20,13  std=True  |→ 0,1,2,2,1,5,5,1,8,8,1,11,11,1,14...
        [PPS] 0,1,2,2,1,5,5,1,8,8,1,11,11,1,14,13,16,13,18,13,20,13,21  std=True  |→ 0,1,2,2,1,5,5,1,8,8,1,11,11,1,14...
        [PPS] 0,1,2,2,1,5,5,1,8,8,1,11,11,1,14,13,16,13,18,13,20,13,21,21  std=True  |→ 0,1,2,2,1,5,5,1,8,8,1,11,11,1,14...
        [PPS] 0,1,2,2,1,5,5,1,8,8,1,11,11,1,14,13,16,13,18,13,20,13,21,21,21  std=True  |→ 0,1,2,2,1,5,5,1,8,8,1,11,11,1,14...
        [PPS] 0,1,2,2,1,5,5,1,8,8,1,11,11,1,14,13,16,13,18,13,20,13,21,21,21,21  std=True  |→ 0,1,2,2,1,5,5,1,8,8,1,11,11,1,14...
      [PPS] 0,1,2,2,1,5,5,1,8,8,1,11,11,1,14,13,16,13,18,13,20,13,22,13,24  std=True  |→ 前缀[0, 1, 2, 2, 1, 5, 5, 1, 8, 8, 1, 11, 11, 1, 14, 13, 16, 13, 18, 13, 20, 13, 22, 13]+无限23
        [PPS] 0,1,2,2,1,5,5,1,8,8,1,11,11,1,14,13,16,13,18,13,20,13,22,13  std=True  |→ 0,1,2,2,1,5,5,1,8,8,1,11,11,1,14...
        [PPS] 0,1,2,2,1,5,5,1,8,8,1,11,11,1,14,13,16,13,18,13,20,13,22,13,23  std=True  |→ 0,1,2,2,1,5,5,1,8,8,1,11,11,1,14...
        [PPS] 0,1,2,2,1,5,5,1,8,8,1,11,11,1,14,13,16,13,18,13,20,13,22,13,23,23  std=True  |→ 0,1,2,2,1,5,5,1,8,8,1,11,11,1,14...
        [PPS] 0,1,2,2,1,5,5,1,8,8,1,11,11,1,14,13,16,13,18,13,20,13,22,13,23,23,23  std=True  |→ 0,1,2,2,1,5,5,1,8,8,1,11,11,1,14...
        [PPS] 0,1,2,2,1,5,5,1,8,8,1,11,11,1,14,13,16,13,18,13,20,13,22,13,23,23,23,23  std=True  |→ 0,1,2,2,1,5,5,1,8,8,1,11,11,1,14...
    [PPS] 0,1,2,2,1,5,5,1,8,8,1,11,11,1,14,14,1,17,17  std=True  |→ 0,1,2,2,1,5,5,1,8,8,1,11,11,1,14...
      [PPS] 0,1,2,2,1,5,5,1,8,8,1,11,11,1,14,14,1,17,16,19  std=True  |→ 前缀[0, 1, 2, 2, 1, 5, 5, 1, 8, 8, 1, 11, 11, 1, 14, 14, 1, 17, 16]+无限18
        [PPS] 0,1,2,2,1,5,5,1,8,8,1,11,11,1,14,14,1,17,16  std=True  |→ 0,1,2,2,1,5,5,1,8,8,1,11,11,1,14...
        [PPS] 0,1,2,2,1,5,5,1,8,8,1,11,11,1,14,14,1,17,16,18  std=True  |→ 0,1,2,2,1,5,5,1,8,8,1,11,11,1,14...
        [PPS] 0,1,2,2,1,5,5,1,8,8,1,11,11,1,14,14,1,17,16,18,18  std=True  |→ 0,1,2,2,1,5,5,1,8,8,1,11,11,1,14...
        [PPS] 0,1,2,2,1,5,5,1,8,8,1,11,11,1,14,14,1,17,16,18,18,18  std=True  |→ 0,1,2,2,1,5,5,1,8,8,1,11,11,1,14...
        [PPS] 0,1,2,2,1,5,5,1,8,8,1,11,11,1,14,14,1,17,16,18,18,18,18  std=True  |→ 0,1,2,2,1,5,5,1,8,8,1,11,11,1,14...
      [PPS] 0,1,2,2,1,5,5,1,8,8,1,11,11,1,14,14,1,17,16,19,16,21  std=True  |→ 前缀[0, 1, 2, 2, 1, 5, 5, 1, 8, 8, 1, 11, 11, 1, 14, 14, 1, 17, 16, 19, 16]+无限20
        [PPS] 0,1,2,2,1,5,5,1,8,8,1,11,11,1,14,14,1,17,16,19,16  std=True  |→ 0,1,2,2,1,5,5,1,8,8,1,11,11,1,14...
        [PPS] 0,1,2,2,1,5,5,1,8,8,1,11,11,1,14,14,1,17,16,19,16,20  std=True  |→ 0,1,2,2,1,5,5,1,8,8,1,11,11,1,14...
        [PPS] 0,1,2,2,1,5,5,1,8,8,1,11,11,1,14,14,1,17,16,19,16,20,20  std=True  |→ 0,1,2,2,1,5,5,1,8,8,1,11,11,1,14...
        [PPS] 0,1,2,2,1,5,5,1,8,8,1,11,11,1,14,14,1,17,16,19,16,20,20,20  std=True  |→ 0,1,2,2,1,5,5,1,8,8,1,11,11,1,14...
        [PPS] 0,1,2,2,1,5,5,1,8,8,1,11,11,1,14,14,1,17,16,19,16,20,20,20,20  std=True  |→ 0,1,2,2,1,5,5,1,8,8,1,11,11,1,14...
      [PPS] 0,1,2,2,1,5,5,1,8,8,1,11,11,1,14,14,1,17,16,19,16,21,16,23  std=True  |→ 前缀[0, 1, 2, 2, 1, 5, 5, 1, 8, 8, 1, 11, 11, 1, 14, 14, 1, 17, 16, 19, 16, 21, 16]+无限22
        [PPS] 0,1,2,2,1,5,5,1,8,8,1,11,11,1,14,14,1,17,16,19,16,21,16  std=True  |→ 0,1,2,2,1,5,5,1,8,8,1,11,11,1,14...
        [PPS] 0,1,2,2,1,5,5,1,8,8,1,11,11,1,14,14,1,17,16,19,16,21,16,22  std=True  |→ 0,1,2,2,1,5,5,1,8,8,1,11,11,1,14...
        [PPS] 0,1,2,2,1,5,5,1,8,8,1,11,11,1,14,14,1,17,16,19,16,21,16,22,22  std=True  |→ 0,1,2,2,1,5,5,1,8,8,1,11,11,1,14...
        [PPS] 0,1,2,2,1,5,5,1,8,8,1,11,11,1,14,14,1,17,16,19,16,21,16,22,22,22  std=True  |→ 0,1,2,2,1,5,5,1,8,8,1,11,11,1,14...
        [PPS] 0,1,2,2,1,5,5,1,8,8,1,11,11,1,14,14,1,17,16,19,16,21,16,22,22,22,22  std=True  |→ 0,1,2,2,1,5,5,1,8,8,1,11,11,1,14...
      [PPS] 0,1,2,2,1,5,5,1,8,8,1,11,11,1,14,14,1,17,16,19,16,21,16,23,16,25  std=True  |→ 前缀[0, 1, 2, 2, 1, 5, 5, 1, 8, 8, 1, 11, 11, 1, 14, 14, 1, 17, 16, 19, 16, 21, 16, 23, 16]+无限24
        [PPS] 0,1,2,2,1,5,5,1,8,8,1,11,11,1,14,14,1,17,16,19,16,21,16,23,16  std=True  |→ 0,1,2,2,1,5,5,1,8,8,1,11,11,1,14...
        [PPS] 0,1,2,2,1,5,5,1,8,8,1,11,11,1,14,14,1,17,16,19,16,21,16,23,16,24  std=True  |→ 0,1,2,2,1,5,5,1,8,8,1,11,11,1,14...
        [PPS] 0,1,2,2,1,5,5,1,8,8,1,11,11,1,14,14,1,17,16,19,16,21,16,23,16,24,24  std=True  |→ 0,1,2,2,1,5,5,1,8,8,1,11,11,1,14...
        [PPS] 0,1,2,2,1,5,5,1,8,8,1,11,11,1,14,14,1,17,16,19,16,21,16,23,16,24,24,24  std=True  |→ 0,1,2,2,1,5,5,1,8,8,1,11,11,1,14...
        [PPS] 0,1,2,2,1,5,5,1,8,8,1,11,11,1,14,14,1,17,16,19,16,21,16,23,16,24,24,24,24  std=True  |→ 0,1,2,2,1,5,5,1,8,8,1,11,11,1,14...
      [PPS] 0,1,2,2,1,5,5,1,8,8,1,11,11,1,14,14,1,17,16,19,16,21,16,23,16,25,16,27  std=True  |→ 前缀[0, 1, 2, 2, 1, 5, 5, 1, 8, 8, 1, 11, 11, 1, 14, 14, 1, 17, 16, 19, 16, 21, 16, 23, 16, 25, 16]+无限26
        [PPS] 0,1,2,2,1,5,5,1,8,8,1,11,11,1,14,14,1,17,16,19,16,21,16,23,16,25,16  std=True  |→ 0,1,2,2,1,5,5,1,8,8,1,11,11,1,14...
        [PPS] 0,1,2,2,1,5,5,1,8,8,1,11,11,1,14,14,1,17,16,19,16,21,16,23,16,25,16,26  std=True  |→ 0,1,2,2,1,5,5,1,8,8,1,11,11,1,14...
        [PPS] 0,1,2,2,1,5,5,1,8,8,1,11,11,1,14,14,1,17,16,19,16,21,16,23,16,25,16,26,26  std=True  |→ 0,1,2,2,1,5,5,1,8,8,1,11,11,1,14...
        [PPS] 0,1,2,2,1,5,5,1,8,8,1,11,11,1,14,14,1,17,16,19,16,21,16,23,16,25,16,26,26,26  std=True  |→ 0,1,2,2,1,5,5,1,8,8,1,11,11,1,14...
        [PPS] 0,1,2,2,1,5,5,1,8,8,1,11,11,1,14,14,1,17,16,19,16,21,16,23,16,25,16,26,26,26,26  std=True  |→ 0,1,2,2,1,5,5,1,8,8,1,11,11,1,14...
  [PPS] 0,1,2,2,2,2  std=True  |→ 0,1,2,2,2,1,6,6,6,1,10,10,10,1,14...
    [PPS] 0,1,2,2,2,1,6,6,6  std=True  |→ 0,1,2,2,2,1,6,6,5,9,9,5,12,12,5...
      [PPS] 0,1,2,2,2,1,6,6,5,9,9  std=True  |→ 0,1,2,2,2,1,6,6,5,9,8,11,8,13,8...
        [PPS] 0,1,2,2,2,1,6,6,5,9,8,11  std=True  |→ 前缀[0, 1, 2, 2, 2, 1, 6, 6, 5, 9, 8]+无限10
        [PPS] 0,1,2,2,2,1,6,6,5,9,8,11,8,13  std=True  |→ 前缀[0, 1, 2, 2, 2, 1, 6, 6, 5, 9, 8, 11, 8]+无限12
        [PPS] 0,1,2,2,2,1,6,6,5,9,8,11,8,13,8,15  std=True  |→ 前缀[0, 1, 2, 2, 2, 1, 6, 6, 5, 9, 8, 11, 8, 13, 8]+无限14
        [PPS] 0,1,2,2,2,1,6,6,5,9,8,11,8,13,8,15,8,17  std=True  |→ 前缀[0, 1, 2, 2, 2, 1, 6, 6, 5, 9, 8, 11, 8, 13, 8, 15, 8]+无限16
        [PPS] 0,1,2,2,2,1,6,6,5,9,8,11,8,13,8,15,8,17,8,19  std=True  |→ 前缀[0, 1, 2, 2, 2, 1, 6, 6, 5, 9, 8, 11, 8, 13, 8, 15, 8, 17, 8]+无限18
      [PPS] 0,1,2,2,2,1,6,6,5,9,9,5,12,12  std=True  |→ 0,1,2,2,2,1,6,6,5,9,9,5,12,11,14...
        [PPS] 0,1,2,2,2,1,6,6,5,9,9,5,12,11,14  std=True  |→ 前缀[0, 1, 2, 2, 2, 1, 6, 6, 5, 9, 9, 5, 12, 11]+无限13
        [PPS] 0,1,2,2,2,1,6,6,5,9,9,5,12,11,14,11,16  std=True  |→ 前缀[0, 1, 2, 2, 2, 1, 6, 6, 5, 9, 9, 5, 12, 11, 14, 11]+无限15
        [PPS] 0,1,2,2,2,1,6,6,5,9,9,5,12,11,14,11,16,11,18  std=True  |→ 前缀[0, 1, 2, 2, 2, 1, 6, 6, 5, 9, 9, 5, 12, 11, 14, 11, 16, 11]+无限17
        [PPS] 0,1,2,2,2,1,6,6,5,9,9,5,12,11,14,11,16,11,18,11,20  std=True  |→ 前缀[0, 1, 2, 2, 2, 1, 6, 6, 5, 9, 9, 5, 12, 11, 14, 11, 16, 11, 18, 11]+无限19
        [PPS] 0,1,2,2,2,1,6,6,5,9,9,5,12,11,14,11,16,11,18,11,20,11,22  std=True  |→ 前缀[0, 1, 2, 2, 2, 1, 6, 6, 5, 9, 9, 5, 12, 11, 14, 11, 16, 11, 18, 11, 20, 11]+无限21
      [PPS] 0,1,2,2,2,1,6,6,5,9,9,5,12,12,5,15,15  std=True  |→ 0,1,2,2,2,1,6,6,5,9,9,5,12,12,5...
        [PPS] 0,1,2,2,2,1,6,6,5,9,9,5,12,12,5,15,14,17  std=True  |→ 前缀[0, 1, 2, 2, 2, 1, 6, 6, 5, 9, 9, 5, 12, 12, 5, 15, 14]+无限16
        [PPS] 0,1,2,2,2,1,6,6,5,9,9,5,12,12,5,15,14,17,14,19  std=True  |→ 前缀[0, 1, 2, 2, 2, 1, 6, 6, 5, 9, 9, 5, 12, 12, 5, 15, 14, 17, 14]+无限18
        [PPS] 0,1,2,2,2,1,6,6,5,9,9,5,12,12,5,15,14,17,14,19,14,21  std=True  |→ 前缀[0, 1, 2, 2, 2, 1, 6, 6, 5, 9, 9, 5, 12, 12, 5, 15, 14, 17, 14, 19, 14]+无限20
        [PPS] 0,1,2,2,2,1,6,6,5,9,9,5,12,12,5,15,14,17,14,19,14,21,14,23  std=True  |→ 前缀[0, 1, 2, 2, 2, 1, 6, 6, 5, 9, 9, 5, 12, 12, 5, 15, 14, 17, 14, 19, 14, 21, 14]+无限22
        [PPS] 0,1,2,2,2,1,6,6,5,9,9,5,12,12,5,15,14,17,14,19,14,21,14,23,14,25  std=True  |→ 前缀[0, 1, 2, 2, 2, 1, 6, 6, 5, 9, 9, 5, 12, 12, 5, 15, 14, 17, 14, 19, 14, 21, 14, 23, 14]+无限24
      [PPS] 0,1,2,2,2,1,6,6,5,9,9,5,12,12,5,15,15,5,18,18  std=True  |→ 0,1,2,2,2,1,6,6,5,9,9,5,12,12,5...
        [PPS] 0,1,2,2,2,1,6,6,5,9,9,5,12,12,5,15,15,5,18,17,20  std=True  |→ 前缀[0, 1, 2, 2, 2, 1, 6, 6, 5, 9, 9, 5, 12, 12, 5, 15, 15, 5, 18, 17]+无限19
        [PPS] 0,1,2,2,2,1,6,6,5,9,9,5,12,12,5,15,15,5,18,17,20,17,22  std=True  |→ 前缀[0, 1, 2, 2, 2, 1, 6, 6, 5, 9, 9, 5, 12, 12, 5, 15, 15, 5, 18, 17, 20, 17]+无限21
        [PPS] 0,1,2,2,2,1,6,6,5,9,9,5,12,12,5,15,15,5,18,17,20,17,22,17,24  std=True  |→ 前缀[0, 1, 2, 2, 2, 1, 6, 6, 5, 9, 9, 5, 12, 12, 5, 15, 15, 5, 18, 17, 20, 17, 22, 17]+无限23
        [PPS] 0,1,2,2,2,1,6,6,5,9,9,5,12,12,5,15,15,5,18,17,20,17,22,17,24,17,26  std=True  |→ 前缀[0, 1, 2, 2, 2, 1, 6, 6, 5, 9, 9, 5, 12, 12, 5, 15, 15, 5, 18, 17, 20, 17, 22, 17, 24, 17]+无限25
        [PPS] 0,1,2,2,2,1,6,6,5,9,9,5,12,12,5,15,15,5,18,17,20,17,22,17,24,17,26,17,28  std=True  |→ 前缀[0, 1, 2, 2, 2, 1, 6, 6, 5, 9, 9, 5, 12, 12, 5, 15, 15, 5, 18, 17, 20, 17, 22, 17, 24, 17, 26, 17]+无限27
      [PPS] 0,1,2,2,2,1,6,6,5,9,9,5,12,12,5,15,15,5,18,18,5,21,21  std=True  |→ 0,1,2,2,2,1,6,6,5,9,9,5,12,12,5...
        [PPS] 0,1,2,2,2,1,6,6,5,9,9,5,12,12,5,15,15,5,18,18,5,21,20,23  std=True  |→ 前缀[0, 1, 2, 2, 2, 1, 6, 6, 5, 9, 9, 5, 12, 12, 5, 15, 15, 5, 18, 18, 5, 21, 20]+无限22
        [PPS] 0,1,2,2,2,1,6,6,5,9,9,5,12,12,5,15,15,5,18,18,5,21,20,23,20,25  std=True  |→ 前缀[0, 1, 2, 2, 2, 1, 6, 6, 5, 9, 9, 5, 12, 12, 5, 15, 15, 5, 18, 18, 5, 21, 20, 23, 20]+无限24
        [PPS] 0,1,2,2,2,1,6,6,5,9,9,5,12,12,5,15,15,5,18,18,5,21,20,23,20,25,20,27  std=True  |→ 前缀[0, 1, 2, 2, 2, 1, 6, 6, 5, 9, 9, 5, 12, 12, 5, 15, 15, 5, 18, 18, 5, 21, 20, 23, 20, 25, 20]+无限26
        [PPS] 0,1,2,2,2,1,6,6,5,9,9,5,12,12,5,15,15,5,18,18,5,21,20,23,20,25,20,27,20,29  std=True  |→ 前缀[0, 1, 2, 2, 2, 1, 6, 6, 5, 9, 9, 5, 12, 12, 5, 15, 15, 5, 18, 18, 5, 21, 20, 23, 20, 25, 20, 27, 20]+无限28
        [PPS] 0,1,2,2,2,1,6,6,5,9,9,5,12,12,5,15,15,5,18,18,5,21,20,23,20,25,20,27,20,29,20,31  std=True  |→ 前缀[0, 1, 2, 2, 2, 1, 6, 6, 5, 9, 9, 5, 12, 12, 5, 15, 15, 5, 18, 18, 5, 21, 20, 23, 20, 25, 20, 27, 20, 29, 20]+无限30
    [PPS] 0,1,2,2,2,1,6,6,6,1,10,10,10  std=True  |→ 0,1,2,2,2,1,6,6,6,1,10,10,9,13,13...
      [PPS] 0,1,2,2,2,1,6,6,6,1,10,10,9,13,13  std=True  |→ 0,1,2,2,2,1,6,6,6,1,10,10,9,13,12...
        [PPS] 0,1,2,2,2,1,6,6,6,1,10,10,9,13,12,15  std=True  |→ 前缀[0, 1, 2, 2, 2, 1, 6, 6, 6, 1, 10, 10, 9, 13, 12]+无限14
        [PPS] 0,1,2,2,2,1,6,6,6,1,10,10,9,13,12,15,12,17  std=True  |→ 前缀[0, 1, 2, 2, 2, 1, 6, 6, 6, 1, 10, 10, 9, 13, 12, 15, 12]+无限16
        [PPS] 0,1,2,2,2,1,6,6,6,1,10,10,9,13,12,15,12,17,12,19  std=True  |→ 前缀[0, 1, 2, 2, 2, 1, 6, 6, 6, 1, 10, 10, 9, 13, 12, 15, 12, 17, 12]+无限18
        [PPS] 0,1,2,2,2,1,6,6,6,1,10,10,9,13,12,15,12,17,12,19,12,21  std=True  |→ 前缀[0, 1, 2, 2, 2, 1, 6, 6, 6, 1, 10, 10, 9, 13, 12, 15, 12, 17, 12, 19, 12]+无限20
        [PPS] 0,1,2,2,2,1,6,6,6,1,10,10,9,13,12,15,12,17,12,19,12,21,12,23  std=True  |→ 前缀[0, 1, 2, 2, 2, 1, 6, 6, 6, 1, 10, 10, 9, 13, 12, 15, 12, 17, 12, 19, 12, 21, 12]+无限22
      [PPS] 0,1,2,2,2,1,6,6,6,1,10,10,9,13,13,9,16,16  std=True  |→ 0,1,2,2,2,1,6,6,6,1,10,10,9,13,13...
        [PPS] 0,1,2,2,2,1,6,6,6,1,10,10,9,13,13,9,16,15,18  std=True  |→ 前缀[0, 1, 2, 2, 2, 1, 6, 6, 6, 1, 10, 10, 9, 13, 13, 9, 16, 15]+无限17
        [PPS] 0,1,2,2,2,1,6,6,6,1,10,10,9,13,13,9,16,15,18,15,20  std=True  |→ 前缀[0, 1, 2, 2, 2, 1, 6, 6, 6, 1, 10, 10, 9, 13, 13, 9, 16, 15, 18, 15]+无限19
        [PPS] 0,1,2,2,2,1,6,6,6,1,10,10,9,13,13,9,16,15,18,15,20,15,22  std=True  |→ 前缀[0, 1, 2, 2, 2, 1, 6, 6, 6, 1, 10, 10, 9, 13, 13, 9, 16, 15, 18, 15, 20, 15]+无限21
        [PPS] 0,1,2,2,2,1,6,6,6,1,10,10,9,13,13,9,16,15,18,15,20,15,22,15,24  std=True  |→ 前缀[0, 1, 2, 2, 2, 1, 6, 6, 6, 1, 10, 10, 9, 13, 13, 9, 16, 15, 18, 15, 20, 15, 22, 15]+无限23
        [PPS] 0,1,2,2,2,1,6,6,6,1,10,10,9,13,13,9,16,15,18,15,20,15,22,15,24,15,26  std=True  |→ 前缀[0, 1, 2, 2, 2, 1, 6, 6, 6, 1, 10, 10, 9, 13, 13, 9, 16, 15, 18, 15, 20, 15, 22, 15, 24, 15]+无限25
      [PPS] 0,1,2,2,2,1,6,6,6,1,10,10,9,13,13,9,16,16,9,19,19  std=True  |→ 0,1,2,2,2,1,6,6,6,1,10,10,9,13,13...
        [PPS] 0,1,2,2,2,1,6,6,6,1,10,10,9,13,13,9,16,16,9,19,18,21  std=True  |→ 前缀[0, 1, 2, 2, 2, 1, 6, 6, 6, 1, 10, 10, 9, 13, 13, 9, 16, 16, 9, 19, 18]+无限20
        [PPS] 0,1,2,2,2,1,6,6,6,1,10,10,9,13,13,9,16,16,9,19,18,21,18,23  std=True  |→ 前缀[0, 1, 2, 2, 2, 1, 6, 6, 6, 1, 10, 10, 9, 13, 13, 9, 16, 16, 9, 19, 18, 21, 18]+无限22
        [PPS] 0,1,2,2,2,1,6,6,6,1,10,10,9,13,13,9,16,16,9,19,18,21,18,23,18,25  std=True  |→ 前缀[0, 1, 2, 2, 2, 1, 6, 6, 6, 1, 10, 10, 9, 13, 13, 9, 16, 16, 9, 19, 18, 21, 18, 23, 18]+无限24
        [PPS] 0,1,2,2,2,1,6,6,6,1,10,10,9,13,13,9,16,16,9,19,18,21,18,23,18,25,18,27  std=True  |→ 前缀[0, 1, 2, 2, 2, 1, 6, 6, 6, 1, 10, 10, 9, 13, 13, 9, 16, 16, 9, 19, 18, 21, 18, 23, 18, 25, 18]+无限26
        [PPS] 0,1,2,2,2,1,6,6,6,1,10,10,9,13,13,9,16,16,9,19,18,21,18,23,18,25,18,27,18,29  std=True  |→ 前缀[0, 1, 2, 2, 2, 1, 6, 6, 6, 1, 10, 10, 9, 13, 13, 9, 16, 16, 9, 19, 18, 21, 18, 23, 18, 25, 18, 27, 18]+无限28
      [PPS] 0,1,2,2,2,1,6,6,6,1,10,10,9,13,13,9,16,16,9,19,19,9,22,22  std=True  |→ 0,1,2,2,2,1,6,6,6,1,10,10,9,13,13...
        [PPS] 0,1,2,2,2,1,6,6,6,1,10,10,9,13,13,9,16,16,9,19,19,9,22,21,24  std=True  |→ 前缀[0, 1, 2, 2, 2, 1, 6, 6, 6, 1, 10, 10, 9, 13, 13, 9, 16, 16, 9, 19, 19, 9, 22, 21]+无限23
        [PPS] 0,1,2,2,2,1,6,6,6,1,10,10,9,13,13,9,16,16,9,19,19,9,22,21,24,21,26  std=True  |→ 前缀[0, 1, 2, 2, 2, 1, 6, 6, 6, 1, 10, 10, 9, 13, 13, 9, 16, 16, 9, 19, 19, 9, 22, 21, 24, 21]+无限25
        [PPS] 0,1,2,2,2,1,6,6,6,1,10,10,9,13,13,9,16,16,9,19,19,9,22,21,24,21,26,21,28  std=True  |→ 前缀[0, 1, 2, 2, 2, 1, 6, 6, 6, 1, 10, 10, 9, 13, 13, 9, 16, 16, 9, 19, 19, 9, 22, 21, 24, 21, 26, 21]+无限27
        [PPS] 0,1,2,2,2,1,6,6,6,1,10,10,9,13,13,9,16,16,9,19,19,9,22,21,24,21,26,21,28,21,30  std=True  |→ 前缀[0, 1, 2, 2, 2, 1, 6, 6, 6, 1, 10, 10, 9, 13, 13, 9, 16, 16, 9, 19, 19, 9, 22, 21, 24, 21, 26, 21, 28, 21]+无限29
        [PPS] 0,1,2,2,2,1,6,6,6,1,10,10,9,13,13,9,16,16,9,19,19,9,22,21,24,21,26,21,28,21,30,21,32  std=True  |→ 前缀[0, 1, 2, 2, 2, 1, 6, 6, 6, 1, 10, 10, 9, 13, 13, 9, 16, 16, 9, 19, 19, 9, 22, 21, 24, 21, 26, 21, 28, 21, 30, 21]+无限31
      [PPS] 0,1,2,2,2,1,6,6,6,1,10,10,9,13,13,9,16,16,9,19,19,9,22,22,9,25,25  std=True  |→ 0,1,2,2,2,1,6,6,6,1,10,10,9,13,13...
        [PPS] 0,1,2,2,2,1,6,6,6,1,10,10,9,13,13,9,16,16,9,19,19,9,22,22,9,25,24,27  std=True  |→ 前缀[0, 1, 2, 2, 2, 1, 6, 6, 6, 1, 10, 10, 9, 13, 13, 9, 16, 16, 9, 19, 19, 9, 22, 22, 9, 25, 24]+无限26
        [PPS] 0,1,2,2,2,1,6,6,6,1,10,10,9,13,13,9,16,16,9,19,19,9,22,22,9,25,24,27,24,29  std=True  |→ 前缀[0, 1, 2, 2, 2, 1, 6, 6, 6, 1, 10, 10, 9, 13, 13, 9, 16, 16, 9, 19, 19, 9, 22, 22, 9, 25, 24, 27, 24]+无限28
        [PPS] 0,1,2,2,2,1,6,6,6,1,10,10,9,13,13,9,16,16,9,19,19,9,22,22,9,25,24,27,24,29,24,31  std=True  |→ 前缀[0, 1, 2, 2, 2, 1, 6, 6, 6, 1, 10, 10, 9, 13, 13, 9, 16, 16, 9, 19, 19, 9, 22, 22, 9, 25, 24, 27, 24, 29, 24]+无限30
        [PPS] 0,1,2,2,2,1,6,6,6,1,10,10,9,13,13,9,16,16,9,19,19,9,22,22,9,25,24,27,24,29,24,31,24,33  std=True  |→ 前缀[0, 1, 2, 2, 2, 1, 6, 6, 6, 1, 10, 10, 9, 13, 13, 9, 16, 16, 9, 19, 19, 9, 22, 22, 9, 25, 24, 27, 24, 29, 24, 31, 24]+无限32
        [PPS] 0,1,2,2,2,1,6,6,6,1,10,10,9,13,13,9,16,16,9,19,19,9,22,22,9,25,24,27,24,29,24,31,24,33,24,35  std=True  |→ 前缀[0, 1, 2, 2, 2, 1, 6, 6, 6, 1, 10, 10, 9, 13, 13, 9, 16, 16, 9, 19, 19, 9, 22, 22, 9, 25, 24, 27, 24, 29, 24, 31, 24, 33, 24]+无限34
    [PPS] 0,1,2,2,2,1,6,6,6,1,10,10,10,1,14,14,14  std=True  |→ 0,1,2,2,2,1,6,6,6,1,10,10,10,1,14...
      [PPS] 0,1,2,2,2,1,6,6,6,1,10,10,10,1,14,14,13,17,17  std=True  |→ 0,1,2,2,2,1,6,6,6,1,10,10,10,1,14...
        [PPS] 0,1,2,2,2,1,6,6,6,1,10,10,10,1,14,14,13,17,16,19  std=True  |→ 前缀[0, 1, 2, 2, 2, 1, 6, 6, 6, 1, 10, 10, 10, 1, 14, 14, 13, 17, 16]+无限18
        [PPS] 0,1,2,2,2,1,6,6,6,1,10,10,10,1,14,14,13,17,16,19,16,21  std=True  |→ 前缀[0, 1, 2, 2, 2, 1, 6, 6, 6, 1, 10, 10, 10, 1, 14, 14, 13, 17, 16, 19, 16]+无限20
        [PPS] 0,1,2,2,2,1,6,6,6,1,10,10,10,1,14,14,13,17,16,19,16,21,16,23  std=True  |→ 前缀[0, 1, 2, 2, 2, 1, 6, 6, 6, 1, 10, 10, 10, 1, 14, 14, 13, 17, 16, 19, 16, 21, 16]+无限22
        [PPS] 0,1,2,2,2,1,6,6,6,1,10,10,10,1,14,14,13,17,16,19,16,21,16,23,16,25  std=True  |→ 前缀[0, 1, 2, 2, 2, 1, 6, 6, 6, 1, 10, 10, 10, 1, 14, 14, 13, 17, 16, 19, 16, 21, 16, 23, 16]+无限24
        [PPS] 0,1,2,2,2,1,6,6,6,1,10,10,10,1,14,14,13,17,16,19,16,21,16,23,16,25,16,27  std=True  |→ 前缀[0, 1, 2, 2, 2, 1, 6, 6, 6, 1, 10, 10, 10, 1, 14, 14, 13, 17, 16, 19, 16, 21, 16, 23, 16, 25, 16]+无限26
      [PPS] 0,1,2,2,2,1,6,6,6,1,10,10,10,1,14,14,13,17,17,13,20,20  std=True  |→ 0,1,2,2,2,1,6,6,6,1,10,10,10,1,14...
        [PPS] 0,1,2,2,2,1,6,6,6,1,10,10,10,1,14,14,13,17,17,13,20,19,22  std=True  |→ 前缀[0, 1, 2, 2, 2, 1, 6, 6, 6, 1, 10, 10, 10, 1, 14, 14, 13, 17, 17, 13, 20, 19]+无限21
        [PPS] 0,1,2,2,2,1,6,6,6,1,10,10,10,1,14,14,13,17,17,13,20,19,22,19,24  std=True  |→ 前缀[0, 1, 2, 2, 2, 1, 6, 6, 6, 1, 10, 10, 10, 1, 14, 14, 13, 17, 17, 13, 20, 19, 22, 19]+无限23
        [PPS] 0,1,2,2,2,1,6,6,6,1,10,10,10,1,14,14,13,17,17,13,20,19,22,19,24,19,26  std=True  |→ 前缀[0, 1, 2, 2, 2, 1, 6, 6, 6, 1, 10, 10, 10, 1, 14, 14, 13, 17, 17, 13, 20, 19, 22, 19, 24, 19]+无限25
        [PPS] 0,1,2,2,2,1,6,6,6,1,10,10,10,1,14,14,13,17,17,13,20,19,22,19,24,19,26,19,28  std=True  |→ 前缀[0, 1, 2, 2, 2, 1, 6, 6, 6, 1, 10, 10, 10, 1, 14, 14, 13, 17, 17, 13, 20, 19, 22, 19, 24, 19, 26, 19]+无限27
        [PPS] 0,1,2,2,2,1,6,6,6,1,10,10,10,1,14,14,13,17,17,13,20,19,22,19,24,19,26,19,28,19,30  std=True  |→ 前缀[0, 1, 2, 2, 2, 1, 6, 6, 6, 1, 10, 10, 10, 1, 14, 14, 13, 17, 17, 13, 20, 19, 22, 19, 24, 19, 26, 19, 28, 19]+无限29
      [PPS] 0,1,2,2,2,1,6,6,6,1,10,10,10,1,14,14,13,17,17,13,20,20,13,23,23  std=True  |→ 0,1,2,2,2,1,6,6,6,1,10,10,10,1,14...
        [PPS] 0,1,2,2,2,1,6,6,6,1,10,10,10,1,14,14,13,17,17,13,20,20,13,23,22,25  std=True  |→ 前缀[0, 1, 2, 2, 2, 1, 6, 6, 6, 1, 10, 10, 10, 1, 14, 14, 13, 17, 17, 13, 20, 20, 13, 23, 22]+无限24
        [PPS] 0,1,2,2,2,1,6,6,6,1,10,10,10,1,14,14,13,17,17,13,20,20,13,23,22,25,22,27  std=True  |→ 前缀[0, 1, 2, 2, 2, 1, 6, 6, 6, 1, 10, 10, 10, 1, 14, 14, 13, 17, 17, 13, 20, 20, 13, 23, 22, 25, 22]+无限26
        [PPS] 0,1,2,2,2,1,6,6,6,1,10,10,10,1,14,14,13,17,17,13,20,20,13,23,22,25,22,27,22,29  std=True  |→ 前缀[0, 1, 2, 2, 2, 1, 6, 6, 6, 1, 10, 10, 10, 1, 14, 14, 13, 17, 17, 13, 20, 20, 13, 23, 22, 25, 22, 27, 22]+无限28
        [PPS] 0,1,2,2,2,1,6,6,6,1,10,10,10,1,14,14,13,17,17,13,20,20,13,23,22,25,22,27,22,29,22,31  std=True  |→ 前缀[0, 1, 2, 2, 2, 1, 6, 6, 6, 1, 10, 10, 10, 1, 14, 14, 13, 17, 17, 13, 20, 20, 13, 23, 22, 25, 22, 27, 22, 29, 22]+无限30
        [PPS] 0,1,2,2,2,1,6,6,6,1,10,10,10,1,14,14,13,17,17,13,20,20,13,23,22,25,22,27,22,29,22,31,22,33  std=True  |→ 前缀[0, 1, 2, 2, 2, 1, 6, 6, 6, 1, 10, 10, 10, 1, 14, 14, 13, 17, 17, 13, 20, 20, 13, 23, 22, 25, 22, 27, 22, 29, 22, 31, 22]+无限32
      [PPS] 0,1,2,2,2,1,6,6,6,1,10,10,10,1,14,14,13,17,17,13,20,20,13,23,23,13,26,26  std=True  |→ 0,1,2,2,2,1,6,6,6,1,10,10,10,1,14...
        [PPS] 0,1,2,2,2,1,6,6,6,1,10,10,10,1,14,14,13,17,17,13,20,20,13,23,23,13,26,25,28  std=True  |→ 前缀[0, 1, 2, 2, 2, 1, 6, 6, 6, 1, 10, 10, 10, 1, 14, 14, 13, 17, 17, 13, 20, 20, 13, 23, 23, 13, 26, 25]+无限27
        [PPS] 0,1,2,2,2,1,6,6,6,1,10,10,10,1,14,14,13,17,17,13,20,20,13,23,23,13,26,25,28,25,30  std=True  |→ 前缀[0, 1, 2, 2, 2, 1, 6, 6, 6, 1, 10, 10, 10, 1, 14, 14, 13, 17, 17, 13, 20, 20, 13, 23, 23, 13, 26, 25, 28, 25]+无限29
        [PPS] 0,1,2,2,2,1,6,6,6,1,10,10,10,1,14,14,13,17,17,13,20,20,13,23,23,13,26,25,28,25,30,25,32  std=True  |→ 前缀[0, 1, 2, 2, 2, 1, 6, 6, 6, 1, 10, 10, 10, 1, 14, 14, 13, 17, 17, 13, 20, 20, 13, 23, 23, 13, 26, 25, 28, 25, 30, 25]+无限31
        [PPS] 0,1,2,2,2,1,6,6,6,1,10,10,10,1,14,14,13,17,17,13,20,20,13,23,23,13,26,25,28,25,30,25,32,25,34  std=True  |→ 前缀[0, 1, 2, 2, 2, 1, 6, 6, 6, 1, 10, 10, 10, 1, 14, 14, 13, 17, 17, 13, 20, 20, 13, 23, 23, 13, 26, 25, 28, 25, 30, 25, 32, 25]+无限33
        [PPS] 0,1,2,2,2,1,6,6,6,1,10,10,10,1,14,14,13,17,17,13,20,20,13,23,23,13,26,25,28,25,30,25,32,25,34,25,36  std=True  |→ 前缀[0, 1, 2, 2, 2, 1, 6, 6, 6, 1, 10, 10, 10, 1, 14, 14, 13, 17, 17, 13, 20, 20, 13, 23, 23, 13, 26, 25, 28, 25, 30, 25, 32, 25, 34, 25]+无限35
      [PPS] 0,1,2,2,2,1,6,6,6,1,10,10,10,1,14,14,13,17,17,13,20,20,13,23,23,13,26,26,13,29,29  std=True  |→ 0,1,2,2,2,1,6,6,6,1,10,10,10,1,14...
        [PPS] 0,1,2,2,2,1,6,6,6,1,10,10,10,1,14,14,13,17,17,13,20,20,13,23,23,13,26,26,13,29,28,31  std=True  |→ 前缀[0, 1, 2, 2, 2, 1, 6, 6, 6, 1, 10, 10, 10, 1, 14, 14, 13, 17, 17, 13, 20, 20, 13, 23, 23, 13, 26, 26, 13, 29, 28]+无限30
        [PPS] 0,1,2,2,2,1,6,6,6,1,10,10,10,1,14,14,13,17,17,13,20,20,13,23,23,13,26,26,13,29,28,31,28,33  std=True  |→ 前缀[0, 1, 2, 2, 2, 1, 6, 6, 6, 1, 10, 10, 10, 1, 14, 14, 13, 17, 17, 13, 20, 20, 13, 23, 23, 13, 26, 26, 13, 29, 28, 31, 28]+无限32
        [PPS] 0,1,2,2,2,1,6,6,6,1,10,10,10,1,14,14,13,17,17,13,20,20,13,23,23,13,26,26,13,29,28,31,28,33,28,35  std=True  |→ 前缀[0, 1, 2, 2, 2, 1, 6, 6, 6, 1, 10, 10, 10, 1, 14, 14, 13, 17, 17, 13, 20, 20, 13, 23, 23, 13, 26, 26, 13, 29, 28, 31, 28, 33, 28]+无限34
        [PPS] 0,1,2,2,2,1,6,6,6,1,10,10,10,1,14,14,13,17,17,13,20,20,13,23,23,13,26,26,13,29,28,31,28,33,28,35,28,37  std=True  |→ 前缀[0, 1, 2, 2, 2, 1, 6, 6, 6, 1, 10, 10, 10, 1, 14, 14, 13, 17, 17, 13, 20, 20, 13, 23, 23, 13, 26, 26, 13, 29, 28, 31, 28, 33, 28, 35, 28]+无限36
        [PPS] 0,1,2,2,2,1,6,6,6,1,10,10,10,1,14,14,13,17,17,13,20,20,13,23,23,13,26,26,13,29,28,31,28,33,28,35,28,37,28,39  std=True  |→ 前缀[0, 1, 2, 2, 2, 1, 6, 6, 6, 1, 10, 10, 10, 1, 14, 14, 13, 17, 17, 13, 20, 20, 13, 23, 23, 13, 26, 26, 13, 29, 28, 31, 28, 33, 28, 35, 28, 37, 28]+无限38
    [PPS] 0,1,2,2,2,1,6,6,6,1,10,10,10,1,14,14,14,1,18,18,18  std=True  |→ 0,1,2,2,2,1,6,6,6,1,10,10,10,1,14...
      [PPS] 0,1,2,2,2,1,6,6,6,1,10,10,10,1,14,14,14,1,18,18,17,21,21  std=True  |→ 0,1,2,2,2,1,6,6,6,1,10,10,10,1,14...
        [PPS] 0,1,2,2,2,1,6,6,6,1,10,10,10,1,14,14,14,1,18,18,17,21,20,23  std=True  |→ 前缀[0, 1, 2, 2, 2, 1, 6, 6, 6, 1, 10, 10, 10, 1, 14, 14, 14, 1, 18, 18, 17, 21, 20]+无限22
        [PPS] 0,1,2,2,2,1,6,6,6,1,10,10,10,1,14,14,14,1,18,18,17,21,20,23,20,25  std=True  |→ 前缀[0, 1, 2, 2, 2, 1, 6, 6, 6, 1, 10, 10, 10, 1, 14, 14, 14, 1, 18, 18, 17, 21, 20, 23, 20]+无限24
        [PPS] 0,1,2,2,2,1,6,6,6,1,10,10,10,1,14,14,14,1,18,18,17,21,20,23,20,25,20,27  std=True  |→ 前缀[0, 1, 2, 2, 2, 1, 6, 6, 6, 1, 10, 10, 10, 1, 14, 14, 14, 1, 18, 18, 17, 21, 20, 23, 20, 25, 20]+无限26
        [PPS] 0,1,2,2,2,1,6,6,6,1,10,10,10,1,14,14,14,1,18,18,17,21,20,23,20,25,20,27,20,29  std=True  |→ 前缀[0, 1, 2, 2, 2, 1, 6, 6, 6, 1, 10, 10, 10, 1, 14, 14, 14, 1, 18, 18, 17, 21, 20, 23, 20, 25, 20, 27, 20]+无限28
        [PPS] 0,1,2,2,2,1,6,6,6,1,10,10,10,1,14,14,14,1,18,18,17,21,20,23,20,25,20,27,20,29,20,31  std=True  |→ 前缀[0, 1, 2, 2, 2, 1, 6, 6, 6, 1, 10, 10, 10, 1, 14, 14, 14, 1, 18, 18, 17, 21, 20, 23, 20, 25, 20, 27, 20, 29, 20]+无限30
      [PPS] 0,1,2,2,2,1,6,6,6,1,10,10,10,1,14,14,14,1,18,18,17,21,21,17,24,24  std=True  |→ 0,1,2,2,2,1,6,6,6,1,10,10,10,1,14...
        [PPS] 0,1,2,2,2,1,6,6,6,1,10,10,10,1,14,14,14,1,18,18,17,21,21,17,24,23,26  std=True  |→ 前缀[0, 1, 2, 2, 2, 1, 6, 6, 6, 1, 10, 10, 10, 1, 14, 14, 14, 1, 18, 18, 17, 21, 21, 17, 24, 23]+无限25
        [PPS] 0,1,2,2,2,1,6,6,6,1,10,10,10,1,14,14,14,1,18,18,17,21,21,17,24,23,26,23,28  std=True  |→ 前缀[0, 1, 2, 2, 2, 1, 6, 6, 6, 1, 10, 10, 10, 1, 14, 14, 14, 1, 18, 18, 17, 21, 21, 17, 24, 23, 26, 23]+无限27
        [PPS] 0,1,2,2,2,1,6,6,6,1,10,10,10,1,14,14,14,1,18,18,17,21,21,17,24,23,26,23,28,23,30  std=True  |→ 前缀[0, 1, 2, 2, 2, 1, 6, 6, 6, 1, 10, 10, 10, 1, 14, 14, 14, 1, 18, 18, 17, 21, 21, 17, 24, 23, 26, 23, 28, 23]+无限29
        [PPS] 0,1,2,2,2,1,6,6,6,1,10,10,10,1,14,14,14,1,18,18,17,21,21,17,24,23,26,23,28,23,30,23,32  std=True  |→ 前缀[0, 1, 2, 2, 2, 1, 6, 6, 6, 1, 10, 10, 10, 1, 14, 14, 14, 1, 18, 18, 17, 21, 21, 17, 24, 23, 26, 23, 28, 23, 30, 23]+无限31
        [PPS] 0,1,2,2,2,1,6,6,6,1,10,10,10,1,14,14,14,1,18,18,17,21,21,17,24,23,26,23,28,23,30,23,32,23,34  std=True  |→ 前缀[0, 1, 2, 2, 2, 1, 6, 6, 6, 1, 10, 10, 10, 1, 14, 14, 14, 1, 18, 18, 17, 21, 21, 17, 24, 23, 26, 23, 28, 23, 30, 23, 32, 23]+无限33
      [PPS] 0,1,2,2,2,1,6,6,6,1,10,10,10,1,14,14,14,1,18,18,17,21,21,17,24,24,17,27,27  std=True  |→ 0,1,2,2,2,1,6,6,6,1,10,10,10,1,14...
        [PPS] 0,1,2,2,2,1,6,6,6,1,10,10,10,1,14,14,14,1,18,18,17,21,21,17,24,24,17,27,26,29  std=True  |→ 前缀[0, 1, 2, 2, 2, 1, 6, 6, 6, 1, 10, 10, 10, 1, 14, 14, 14, 1, 18, 18, 17, 21, 21, 17, 24, 24, 17, 27, 26]+无限28
        [PPS] 0,1,2,2,2,1,6,6,6,1,10,10,10,1,14,14,14,1,18,18,17,21,21,17,24,24,17,27,26,29,26,31  std=True  |→ 前缀[0, 1, 2, 2, 2, 1, 6, 6, 6, 1, 10, 10, 10, 1, 14, 14, 14, 1, 18, 18, 17, 21, 21, 17, 24, 24, 17, 27, 26, 29, 26]+无限30
        [PPS] 0,1,2,2,2,1,6,6,6,1,10,10,10,1,14,14,14,1,18,18,17,21,21,17,24,24,17,27,26,29,26,31,26,33  std=True  |→ 前缀[0, 1, 2, 2, 2, 1, 6, 6, 6, 1, 10, 10, 10, 1, 14, 14, 14, 1, 18, 18, 17, 21, 21, 17, 24, 24, 17, 27, 26, 29, 26, 31, 26]+无限32
        [PPS] 0,1,2,2,2,1,6,6,6,1,10,10,10,1,14,14,14,1,18,18,17,21,21,17,24,24,17,27,26,29,26,31,26,33,26,35  std=True  |→ 前缀[0, 1, 2, 2, 2, 1, 6, 6, 6, 1, 10, 10, 10, 1, 14, 14, 14, 1, 18, 18, 17, 21, 21, 17, 24, 24, 17, 27, 26, 29, 26, 31, 26, 33, 26]+无限34
        [PPS] 0,1,2,2,2,1,6,6,6,1,10,10,10,1,14,14,14,1,18,18,17,21,21,17,24,24,17,27,26,29,26,31,26,33,26,35,26,37  std=True  |→ 前缀[0, 1, 2, 2, 2, 1, 6, 6, 6, 1, 10, 10, 10, 1, 14, 14, 14, 1, 18, 18, 17, 21, 21, 17, 24, 24, 17, 27, 26, 29, 26, 31, 26, 33, 26, 35, 26]+无限36
      [PPS] 0,1,2,2,2,1,6,6,6,1,10,10,10,1,14,14,14,1,18,18,17,21,21,17,24,24,17,27,27,17,30,30  std=True  |→ 0,1,2,2,2,1,6,6,6,1,10,10,10,1,14...
        [PPS] 0,1,2,2,2,1,6,6,6,1,10,10,10,1,14,14,14,1,18,18,17,21,21,17,24,24,17,27,27,17,30,29,32  std=True  |→ 前缀[0, 1, 2, 2, 2, 1, 6, 6, 6, 1, 10, 10, 10, 1, 14, 14, 14, 1, 18, 18, 17, 21, 21, 17, 24, 24, 17, 27, 27, 17, 30, 29]+无限31
        [PPS] 0,1,2,2,2,1,6,6,6,1,10,10,10,1,14,14,14,1,18,18,17,21,21,17,24,24,17,27,27,17,30,29,32,29,34  std=True  |→ 前缀[0, 1, 2, 2, 2, 1, 6, 6, 6, 1, 10, 10, 10, 1, 14, 14, 14, 1, 18, 18, 17, 21, 21, 17, 24, 24, 17, 27, 27, 17, 30, 29, 32, 29]+无限33
        [PPS] 0,1,2,2,2,1,6,6,6,1,10,10,10,1,14,14,14,1,18,18,17,21,21,17,24,24,17,27,27,17,30,29,32,29,34,29,36  std=True  |→ 前缀[0, 1, 2, 2, 2, 1, 6, 6, 6, 1, 10, 10, 10, 1, 14, 14, 14, 1, 18, 18, 17, 21, 21, 17, 24, 24, 17, 27, 27, 17, 30, 29, 32, 29, 34, 29]+无限35
        [PPS] 0,1,2,2,2,1,6,6,6,1,10,10,10,1,14,14,14,1,18,18,17,21,21,17,24,24,17,27,27,17,30,29,32,29,34,29,36,29,38  std=True  |→ 前缀[0, 1, 2, 2, 2, 1, 6, 6, 6, 1, 10, 10, 10, 1, 14, 14, 14, 1, 18, 18, 17, 21, 21, 17, 24, 24, 17, 27, 27, 17, 30, 29, 32, 29, 34, 29, 36, 29]+无限37
        [PPS] 0,1,2,2,2,1,6,6,6,1,10,10,10,1,14,14,14,1,18,18,17,21,21,17,24,24,17,27,27,17,30,29,32,29,34,29,36,29,38,29,40  std=True  |→ 前缀[0, 1, 2, 2, 2, 1, 6, 6, 6, 1, 10, 10, 10, 1, 14, 14, 14, 1, 18, 18, 17, 21, 21, 17, 24, 24, 17, 27, 27, 17, 30, 29, 32, 29, 34, 29, 36, 29, 38, 29]+无限39
      [PPS] 0,1,2,2,2,1,6,6,6,1,10,10,10,1,14,14,14,1,18,18,17,21,21,17,24,24,17,27,27,17,30,30,17,33,33  std=True  |→ 0,1,2,2,2,1,6,6,6,1,10,10,10,1,14...
        [PPS] 0,1,2,2,2,1,6,6,6,1,10,10,10,1,14,14,14,1,18,18,17,21,21,17,24,24,17,27,27,17,30,30,17,33,32,35  std=True  |→ 前缀[0, 1, 2, 2, 2, 1, 6, 6, 6, 1, 10, 10, 10, 1, 14, 14, 14, 1, 18, 18, 17, 21, 21, 17, 24, 24, 17, 27, 27, 17, 30, 30, 17, 33, 32]+无限34
        [PPS] 0,1,2,2,2,1,6,6,6,1,10,10,10,1,14,14,14,1,18,18,17,21,21,17,24,24,17,27,27,17,30,30,17,33,32,35,32,37  std=True  |→ 前缀[0, 1, 2, 2, 2, 1, 6, 6, 6, 1, 10, 10, 10, 1, 14, 14, 14, 1, 18, 18, 17, 21, 21, 17, 24, 24, 17, 27, 27, 17, 30, 30, 17, 33, 32, 35, 32]+无限36
        [PPS] 0,1,2,2,2,1,6,6,6,1,10,10,10,1,14,14,14,1,18,18,17,21,21,17,24,24,17,27,27,17,30,30,17,33,32,35,32,37,32,39  std=True  |→ 前缀[0, 1, 2, 2, 2, 1, 6, 6, 6, 1, 10, 10, 10, 1, 14, 14, 14, 1, 18, 18, 17, 21, 21, 17, 24, 24, 17, 27, 27, 17, 30, 30, 17, 33, 32, 35, 32, 37, 32]+无限38
        [PPS] 0,1,2,2,2,1,6,6,6,1,10,10,10,1,14,14,14,1,18,18,17,21,21,17,24,24,17,27,27,17,30,30,17,33,32,35,32,37,32,39,32,41  std=True  |→ 前缀[0, 1, 2, 2, 2, 1, 6, 6, 6, 1, 10, 10, 10, 1, 14, 14, 14, 1, 18, 18, 17, 21, 21, 17, 24, 24, 17, 27, 27, 17, 30, 30, 17, 33, 32, 35, 32, 37, 32, 39, 32]+无限40
        [PPS] 0,1,2,2,2,1,6,6,6,1,10,10,10,1,14,14,14,1,18,18,17,21,21,17,24,24,17,27,27,17,30,30,17,33,32,35,32,37,32,39,32,41,32,43  std=True  |→ 前缀[0, 1, 2, 2, 2, 1, 6, 6, 6, 1, 10, 10, 10, 1, 14, 14, 14, 1, 18, 18, 17, 21, 21, 17, 24, 24, 17, 27, 27, 17, 30, 30, 17, 33, 32, 35, 32, 37, 32, 39, 32, 41, 32]+无限42
    [PPS] 0,1,2,2,2,1,6,6,6,1,10,10,10,1,14,14,14,1,18,18,18,1,22,22,22  std=True  |→ 0,1,2,2,2,1,6,6,6,1,10,10,10,1,14...
      [PPS] 0,1,2,2,2,1,6,6,6,1,10,10,10,1,14,14,14,1,18,18,18,1,22,22,21,25,25  std=True  |→ 0,1,2,2,2,1,6,6,6,1,10,10,10,1,14...
        [PPS] 0,1,2,2,2,1,6,6,6,1,10,10,10,1,14,14,14,1,18,18,18,1,22,22,21,25,24,27  std=True  |→ 前缀[0, 1, 2, 2, 2, 1, 6, 6, 6, 1, 10, 10, 10, 1, 14, 14, 14, 1, 18, 18, 18, 1, 22, 22, 21, 25, 24]+无限26
        [PPS] 0,1,2,2,2,1,6,6,6,1,10,10,10,1,14,14,14,1,18,18,18,1,22,22,21,25,24,27,24,29  std=True  |→ 前缀[0, 1, 2, 2, 2, 1, 6, 6, 6, 1, 10, 10, 10, 1, 14, 14, 14, 1, 18, 18, 18, 1, 22, 22, 21, 25, 24, 27, 24]+无限28
        [PPS] 0,1,2,2,2,1,6,6,6,1,10,10,10,1,14,14,14,1,18,18,18,1,22,22,21,25,24,27,24,29,24,31  std=True  |→ 前缀[0, 1, 2, 2, 2, 1, 6, 6, 6, 1, 10, 10, 10, 1, 14, 14, 14, 1, 18, 18, 18, 1, 22, 22, 21, 25, 24, 27, 24, 29, 24]+无限30
        [PPS] 0,1,2,2,2,1,6,6,6,1,10,10,10,1,14,14,14,1,18,18,18,1,22,22,21,25,24,27,24,29,24,31,24,33  std=True  |→ 前缀[0, 1, 2, 2, 2, 1, 6, 6, 6, 1, 10, 10, 10, 1, 14, 14, 14, 1, 18, 18, 18, 1, 22, 22, 21, 25, 24, 27, 24, 29, 24, 31, 24]+无限32
        [PPS] 0,1,2,2,2,1,6,6,6,1,10,10,10,1,14,14,14,1,18,18,18,1,22,22,21,25,24,27,24,29,24,31,24,33,24,35  std=True  |→ 前缀[0, 1, 2, 2, 2, 1, 6, 6, 6, 1, 10, 10, 10, 1, 14, 14, 14, 1, 18, 18, 18, 1, 22, 22, 21, 25, 24, 27, 24, 29, 24, 31, 24, 33, 24]+无限34
      [PPS] 0,1,2,2,2,1,6,6,6,1,10,10,10,1,14,14,14,1,18,18,18,1,22,22,21,25,25,21,28,28  std=True  |→ 0,1,2,2,2,1,6,6,6,1,10,10,10,1,14...
        [PPS] 0,1,2,2,2,1,6,6,6,1,10,10,10,1,14,14,14,1,18,18,18,1,22,22,21,25,25,21,28,27,30  std=True  |→ 前缀[0, 1, 2, 2, 2, 1, 6, 6, 6, 1, 10, 10, 10, 1, 14, 14, 14, 1, 18, 18, 18, 1, 22, 22, 21, 25, 25, 21, 28, 27]+无限29
        [PPS] 0,1,2,2,2,1,6,6,6,1,10,10,10,1,14,14,14,1,18,18,18,1,22,22,21,25,25,21,28,27,30,27,32  std=True  |→ 前缀[0, 1, 2, 2, 2, 1, 6, 6, 6, 1, 10, 10, 10, 1, 14, 14, 14, 1, 18, 18, 18, 1, 22, 22, 21, 25, 25, 21, 28, 27, 30, 27]+无限31
        [PPS] 0,1,2,2,2,1,6,6,6,1,10,10,10,1,14,14,14,1,18,18,18,1,22,22,21,25,25,21,28,27,30,27,32,27,34  std=True  |→ 前缀[0, 1, 2, 2, 2, 1, 6, 6, 6, 1, 10, 10, 10, 1, 14, 14, 14, 1, 18, 18, 18, 1, 22, 22, 21, 25, 25, 21, 28, 27, 30, 27, 32, 27]+无限33
        [PPS] 0,1,2,2,2,1,6,6,6,1,10,10,10,1,14,14,14,1,18,18,18,1,22,22,21,25,25,21,28,27,30,27,32,27,34,27,36  std=True  |→ 前缀[0, 1, 2, 2, 2, 1, 6, 6, 6, 1, 10, 10, 10, 1, 14, 14, 14, 1, 18, 18, 18, 1, 22, 22, 21, 25, 25, 21, 28, 27, 30, 27, 32, 27, 34, 27]+无限35
        [PPS] 0,1,2,2,2,1,6,6,6,1,10,10,10,1,14,14,14,1,18,18,18,1,22,22,21,25,25,21,28,27,30,27,32,27,34,27,36,27,38  std=True  |→ 前缀[0, 1, 2, 2, 2, 1, 6, 6, 6, 1, 10, 10, 10, 1, 14, 14, 14, 1, 18, 18, 18, 1, 22, 22, 21, 25, 25, 21, 28, 27, 30, 27, 32, 27, 34, 27, 36, 27]+无限37
      [PPS] 0,1,2,2,2,1,6,6,6,1,10,10,10,1,14,14,14,1,18,18,18,1,22,22,21,25,25,21,28,28,21,31,31  std=True  |→ 0,1,2,2,2,1,6,6,6,1,10,10,10,1,14...
        [PPS] 0,1,2,2,2,1,6,6,6,1,10,10,10,1,14,14,14,1,18,18,18,1,22,22,21,25,25,21,28,28,21,31,30,33  std=True  |→ 前缀[0, 1, 2, 2, 2, 1, 6, 6, 6, 1, 10, 10, 10, 1, 14, 14, 14, 1, 18, 18, 18, 1, 22, 22, 21, 25, 25, 21, 28, 28, 21, 31, 30]+无限32
        [PPS] 0,1,2,2,2,1,6,6,6,1,10,10,10,1,14,14,14,1,18,18,18,1,22,22,21,25,25,21,28,28,21,31,30,33,30,35  std=True  |→ 前缀[0, 1, 2, 2, 2, 1, 6, 6, 6, 1, 10, 10, 10, 1, 14, 14, 14, 1, 18, 18, 18, 1, 22, 22, 21, 25, 25, 21, 28, 28, 21, 31, 30, 33, 30]+无限34
        [PPS] 0,1,2,2,2,1,6,6,6,1,10,10,10,1,14,14,14,1,18,18,18,1,22,22,21,25,25,21,28,28,21,31,30,33,30,35,30,37  std=True  |→ 前缀[0, 1, 2, 2, 2, 1, 6, 6, 6, 1, 10, 10, 10, 1, 14, 14, 14, 1, 18, 18, 18, 1, 22, 22, 21, 25, 25, 21, 28, 28, 21, 31, 30, 33, 30, 35, 30]+无限36
        [PPS] 0,1,2,2,2,1,6,6,6,1,10,10,10,1,14,14,14,1,18,18,18,1,22,22,21,25,25,21,28,28,21,31,30,33,30,35,30,37,30,39  std=True  |→ 前缀[0, 1, 2, 2, 2, 1, 6, 6, 6, 1, 10, 10, 10, 1, 14, 14, 14, 1, 18, 18, 18, 1, 22, 22, 21, 25, 25, 21, 28, 28, 21, 31, 30, 33, 30, 35, 30, 37, 30]+无限38
        [PPS] 0,1,2,2,2,1,6,6,6,1,10,10,10,1,14,14,14,1,18,18,18,1,22,22,21,25,25,21,28,28,21,31,30,33,30,35,30,37,30,39,30,41  std=True  |→ 前缀[0, 1, 2, 2, 2, 1, 6, 6, 6, 1, 10, 10, 10, 1, 14, 14, 14, 1, 18, 18, 18, 1, 22, 22, 21, 25, 25, 21, 28, 28, 21, 31, 30, 33, 30, 35, 30, 37, 30, 39, 30]+无限40
      [PPS] 0,1,2,2,2,1,6,6,6,1,10,10,10,1,14,14,14,1,18,18,18,1,22,22,21,25,25,21,28,28,21,31,31,21,34,34  std=True  |→ 0,1,2,2,2,1,6,6,6,1,10,10,10,1,14...
        [PPS] 0,1,2,2,2,1,6,6,6,1,10,10,10,1,14,14,14,1,18,18,18,1,22,22,21,25,25,21,28,28,21,31,31,21,34,33,36  std=True  |→ 前缀[0, 1, 2, 2, 2, 1, 6, 6, 6, 1, 10, 10, 10, 1, 14, 14, 14, 1, 18, 18, 18, 1, 22, 22, 21, 25, 25, 21, 28, 28, 21, 31, 31, 21, 34, 33]+无限35
        [PPS] 0,1,2,2,2,1,6,6,6,1,10,10,10,1,14,14,14,1,18,18,18,1,22,22,21,25,25,21,28,28,21,31,31,21,34,33,36,33,38  std=True  |→ 前缀[0, 1, 2, 2, 2, 1, 6, 6, 6, 1, 10, 10, 10, 1, 14, 14, 14, 1, 18, 18, 18, 1, 22, 22, 21, 25, 25, 21, 28, 28, 21, 31, 31, 21, 34, 33, 36, 33]+无限37
        [PPS] 0,1,2,2,2,1,6,6,6,1,10,10,10,1,14,14,14,1,18,18,18,1,22,22,21,25,25,21,28,28,21,31,31,21,34,33,36,33,38,33,40  std=True  |→ 前缀[0, 1, 2, 2, 2, 1, 6, 6, 6, 1, 10, 10, 10, 1, 14, 14, 14, 1, 18, 18, 18, 1, 22, 22, 21, 25, 25, 21, 28, 28, 21, 31, 31, 21, 34, 33, 36, 33, 38, 33]+无限39
        [PPS] 0,1,2,2,2,1,6,6,6,1,10,10,10,1,14,14,14,1,18,18,18,1,22,22,21,25,25,21,28,28,21,31,31,21,34,33,36,33,38,33,40,33,42  std=True  |→ 前缀[0, 1, 2, 2, 2, 1, 6, 6, 6, 1, 10, 10, 10, 1, 14, 14, 14, 1, 18, 18, 18, 1, 22, 22, 21, 25, 25, 21, 28, 28, 21, 31, 31, 21, 34, 33, 36, 33, 38, 33, 40, 33]+无限41
        [PPS] 0,1,2,2,2,1,6,6,6,1,10,10,10,1,14,14,14,1,18,18,18,1,22,22,21,25,25,21,28,28,21,31,31,21,34,33,36,33,38,33,40,33,42,33,44  std=True  |→ 前缀[0, 1, 2, 2, 2, 1, 6, 6, 6, 1, 10, 10, 10, 1, 14, 14, 14, 1, 18, 18, 18, 1, 22, 22, 21, 25, 25, 21, 28, 28, 21, 31, 31, 21, 34, 33, 36, 33, 38, 33, 40, 33, 42, 33]+无限43
      [PPS] 0,1,2,2,2,1,6,6,6,1,10,10,10,1,14,14,14,1,18,18,18,1,22,22,21,25,25,21,28,28,21,31,31,21,34,34,21,37,37  std=True  |→ 0,1,2,2,2,1,6,6,6,1,10,10,10,1,14...
        [PPS] 0,1,2,2,2,1,6,6,6,1,10,10,10,1,14,14,14,1,18,18,18,1,22,22,21,25,25,21,28,28,21,31,31,21,34,34,21,37,36,39  std=True  |→ 前缀[0, 1, 2, 2, 2, 1, 6, 6, 6, 1, 10, 10, 10, 1, 14, 14, 14, 1, 18, 18, 18, 1, 22, 22, 21, 25, 25, 21, 28, 28, 21, 31, 31, 21, 34, 34, 21, 37, 36]+无限38
        [PPS] 0,1,2,2,2,1,6,6,6,1,10,10,10,1,14,14,14,1,18,18,18,1,22,22,21,25,25,21,28,28,21,31,31,21,34,34,21,37,36,39,36,41  std=True  |→ 前缀[0, 1, 2, 2, 2, 1, 6, 6, 6, 1, 10, 10, 10, 1, 14, 14, 14, 1, 18, 18, 18, 1, 22, 22, 21, 25, 25, 21, 28, 28, 21, 31, 31, 21, 34, 34, 21, 37, 36, 39, 36]+无限40
        [PPS] 0,1,2,2,2,1,6,6,6,1,10,10,10,1,14,14,14,1,18,18,18,1,22,22,21,25,25,21,28,28,21,31,31,21,34,34,21,37,36,39,36,41,36,43  std=True  |→ 前缀[0, 1, 2, 2, 2, 1, 6, 6, 6, 1, 10, 10, 10, 1, 14, 14, 14, 1, 18, 18, 18, 1, 22, 22, 21, 25, 25, 21, 28, 28, 21, 31, 31, 21, 34, 34, 21, 37, 36, 39, 36, 41, 36]+无限42
        [PPS] 0,1,2,2,2,1,6,6,6,1,10,10,10,1,14,14,14,1,18,18,18,1,22,22,21,25,25,21,28,28,21,31,31,21,34,34,21,37,36,39,36,41,36,43,36,45  std=True  |→ 前缀[0, 1, 2, 2, 2, 1, 6, 6, 6, 1, 10, 10, 10, 1, 14, 14, 14, 1, 18, 18, 18, 1, 22, 22, 21, 25, 25, 21, 28, 28, 21, 31, 31, 21, 34, 34, 21, 37, 36, 39, 36, 41, 36, 43, 36]+无限44
        [PPS] 0,1,2,2,2,1,6,6,6,1,10,10,10,1,14,14,14,1,18,18,18,1,22,22,21,25,25,21,28,28,21,31,31,21,34,34,21,37,36,39,36,41,36,43,36,45,36,47  std=True  |→ 前缀[0, 1, 2, 2, 2, 1, 6, 6, 6, 1, 10, 10, 10, 1, 14, 14, 14, 1, 18, 18, 18, 1, 22, 22, 21, 25, 25, 21, 28, 28, 21, 31, 31, 21, 34, 34, 21, 37, 36, 39, 36, 41, 36, 43, 36, 45, 36]+无限46